-- MySQL dump 10.13  Distrib 8.0.28, for Win64 (x86_64)
--
-- Host: 127.0.0.1    Database: munaydb
-- ------------------------------------------------------
-- Server version	8.0.28

/*!40101 SET @OLD_CHARACTER_SET_CLIENT=@@CHARACTER_SET_CLIENT */;
/*!40101 SET @OLD_CHARACTER_SET_RESULTS=@@CHARACTER_SET_RESULTS */;
/*!40101 SET @OLD_COLLATION_CONNECTION=@@COLLATION_CONNECTION */;
/*!50503 SET NAMES utf8 */;
/*!40103 SET @OLD_TIME_ZONE=@@TIME_ZONE */;
/*!40103 SET TIME_ZONE='+00:00' */;
/*!40014 SET @OLD_UNIQUE_CHECKS=@@UNIQUE_CHECKS, UNIQUE_CHECKS=0 */;
/*!40014 SET @OLD_FOREIGN_KEY_CHECKS=@@FOREIGN_KEY_CHECKS, FOREIGN_KEY_CHECKS=0 */;
/*!40101 SET @OLD_SQL_MODE=@@SQL_MODE, SQL_MODE='NO_AUTO_VALUE_ON_ZERO' */;
/*!40111 SET @OLD_SQL_NOTES=@@SQL_NOTES, SQL_NOTES=0 */;

--
-- Table structure for table `auth_group`
--
DROP DATABASE munaydb;
CREATE DATABASE munaydb;
USE munaydb;
DROP TABLE IF EXISTS `auth_group`;
/*!40101 SET @saved_cs_client     = @@character_set_client */;
/*!50503 SET character_set_client = utf8mb4 */;
CREATE TABLE `auth_group` (
  `id` int NOT NULL AUTO_INCREMENT,
  `name` varchar(150) NOT NULL,
  PRIMARY KEY (`id`),
  UNIQUE KEY `name` (`name`)
) ENGINE=InnoDB DEFAULT CHARSET=utf8mb4 COLLATE=utf8mb4_0900_ai_ci;
/*!40101 SET character_set_client = @saved_cs_client */;

--
-- Dumping data for table `auth_group`
--

LOCK TABLES `auth_group` WRITE;
/*!40000 ALTER TABLE `auth_group` DISABLE KEYS */;
/*!40000 ALTER TABLE `auth_group` ENABLE KEYS */;
UNLOCK TABLES;

--
-- Table structure for table `auth_group_permissions`
--

DROP TABLE IF EXISTS `auth_group_permissions`;
/*!40101 SET @saved_cs_client     = @@character_set_client */;
/*!50503 SET character_set_client = utf8mb4 */;
CREATE TABLE `auth_group_permissions` (
  `id` bigint NOT NULL AUTO_INCREMENT,
  `group_id` int NOT NULL,
  `permission_id` int NOT NULL,
  PRIMARY KEY (`id`),
  UNIQUE KEY `auth_group_permissions_group_id_permission_id_0cd325b0_uniq` (`group_id`,`permission_id`),
  KEY `auth_group_permissio_permission_id_84c5c92e_fk_auth_perm` (`permission_id`),
  CONSTRAINT `auth_group_permissio_permission_id_84c5c92e_fk_auth_perm` FOREIGN KEY (`permission_id`) REFERENCES `auth_permission` (`id`),
  CONSTRAINT `auth_group_permissions_group_id_b120cbf9_fk_auth_group_id` FOREIGN KEY (`group_id`) REFERENCES `auth_group` (`id`)
) ENGINE=InnoDB DEFAULT CHARSET=utf8mb4 COLLATE=utf8mb4_0900_ai_ci;
/*!40101 SET character_set_client = @saved_cs_client */;

--
-- Dumping data for table `auth_group_permissions`
--

LOCK TABLES `auth_group_permissions` WRITE;
/*!40000 ALTER TABLE `auth_group_permissions` DISABLE KEYS */;
/*!40000 ALTER TABLE `auth_group_permissions` ENABLE KEYS */;
UNLOCK TABLES;

--
-- Table structure for table `auth_permission`
--

DROP TABLE IF EXISTS `auth_permission`;
/*!40101 SET @saved_cs_client     = @@character_set_client */;
/*!50503 SET character_set_client = utf8mb4 */;
CREATE TABLE `auth_permission` (
  `id` int NOT NULL AUTO_INCREMENT,
  `name` varchar(255) NOT NULL,
  `content_type_id` int NOT NULL,
  `codename` varchar(100) NOT NULL,
  PRIMARY KEY (`id`),
  UNIQUE KEY `auth_permission_content_type_id_codename_01ab375a_uniq` (`content_type_id`,`codename`),
  CONSTRAINT `auth_permission_content_type_id_2f476e4b_fk_django_co` FOREIGN KEY (`content_type_id`) REFERENCES `django_content_type` (`id`)
) ENGINE=InnoDB AUTO_INCREMENT=53 DEFAULT CHARSET=utf8mb4 COLLATE=utf8mb4_0900_ai_ci;
/*!40101 SET character_set_client = @saved_cs_client */;

--
-- Dumping data for table `auth_permission`
--

LOCK TABLES `auth_permission` WRITE;
/*!40000 ALTER TABLE `auth_permission` DISABLE KEYS */;
INSERT INTO `auth_permission` VALUES (1,'Can add log entry',1,'add_logentry'),(2,'Can change log entry',1,'change_logentry'),(3,'Can delete log entry',1,'delete_logentry'),(4,'Can view log entry',1,'view_logentry'),(5,'Can add permission',2,'add_permission'),(6,'Can change permission',2,'change_permission'),(7,'Can delete permission',2,'delete_permission'),(8,'Can view permission',2,'view_permission'),(9,'Can add group',3,'add_group'),(10,'Can change group',3,'change_group'),(11,'Can delete group',3,'delete_group'),(12,'Can view group',3,'view_group'),(13,'Can add user',4,'add_user'),(14,'Can change user',4,'change_user'),(15,'Can delete user',4,'delete_user'),(16,'Can view user',4,'view_user'),(17,'Can add content type',5,'add_contenttype'),(18,'Can change content type',5,'change_contenttype'),(19,'Can delete content type',5,'delete_contenttype'),(20,'Can view content type',5,'view_contenttype'),(21,'Can add session',6,'add_session'),(22,'Can change session',6,'change_session'),(23,'Can delete session',6,'delete_session'),(24,'Can view session',6,'view_session'),(25,'Can add docente',7,'add_docente'),(26,'Can change docente',7,'change_docente'),(27,'Can delete docente',7,'delete_docente'),(28,'Can view docente',7,'view_docente'),(29,'Can add materia',8,'add_materia'),(30,'Can change materia',8,'change_materia'),(31,'Can delete materia',8,'delete_materia'),(32,'Can view materia',8,'view_materia'),(33,'Can add reserva',9,'add_reserva'),(34,'Can change reserva',9,'change_reserva'),(35,'Can delete reserva',9,'delete_reserva'),(36,'Can view reserva',9,'view_reserva'),(37,'Can add grupo',10,'add_grupo'),(38,'Can change grupo',10,'change_grupo'),(39,'Can delete grupo',10,'delete_grupo'),(40,'Can view grupo',10,'view_grupo'),(41,'Can add aula',11,'add_aula'),(42,'Can change aula',11,'change_aula'),(43,'Can delete aula',11,'delete_aula'),(44,'Can view aula',11,'view_aula'),(45,'Can add access attempt',12,'add_accessattempt'),(46,'Can change access attempt',12,'change_accessattempt'),(47,'Can delete access attempt',12,'delete_accessattempt'),(48,'Can view access attempt',12,'view_accessattempt'),(49,'Can add access log',13,'add_accesslog'),(50,'Can change access log',13,'change_accesslog'),(51,'Can delete access log',13,'delete_accesslog'),(52,'Can view access log',13,'view_accesslog');
/*!40000 ALTER TABLE `auth_permission` ENABLE KEYS */;
UNLOCK TABLES;

--
-- Table structure for table `auth_user`
--

DROP TABLE IF EXISTS `auth_user`;
/*!40101 SET @saved_cs_client     = @@character_set_client */;
/*!50503 SET character_set_client = utf8mb4 */;
CREATE TABLE `auth_user` (
  `id` int NOT NULL AUTO_INCREMENT,
  `password` varchar(128) NOT NULL,
  `last_login` datetime(6) DEFAULT NULL,
  `is_superuser` tinyint(1) NOT NULL,
  `username` varchar(150) NOT NULL,
  `first_name` varchar(150) NOT NULL,
  `last_name` varchar(150) NOT NULL,
  `email` varchar(254) NOT NULL,
  `is_staff` tinyint(1) NOT NULL,
  `is_active` tinyint(1) NOT NULL,
  `date_joined` datetime(6) NOT NULL,
  PRIMARY KEY (`id`),
  UNIQUE KEY `username` (`username`)
) ENGINE=InnoDB AUTO_INCREMENT=319 DEFAULT CHARSET=utf8mb4 COLLATE=utf8mb4_0900_ai_ci;
/*!40101 SET character_set_client = @saved_cs_client */;

--
-- Dumping data for table `auth_user`
--

LOCK TABLES `auth_user` WRITE;
/*!40000 ALTER TABLE `auth_user` DISABLE KEYS */;
INSERT INTO `auth_user` VALUES (1,'pbkdf2_sha256$260000$1zHQpCSRqkF262lKUvCEd9$/mg0w9azCMtJoY3kLxaoXQmGvSDF3glrSIpWcB4F3N8=','2022-04-05 13:43:07.449010',1,'munay','','','munayTec@gmail.com',1,1,'2022-04-02 04:52:47.539165'),(2,'pbkdf2_sha256$320000$ixxK32joGZuqAWXvi4Cwe1$ZeeD44Svb7TFl5lCPca9MkWYj8ik8uR55NddgH1WubY=','2022-05-02 17:14:15.926113',0,'achaperez@gmail.com','','','',0,1,'2022-04-02 04:56:46.000000'),(3,'pbkdf2_sha256$260000$CCViZj1Wqc843FUVWRb4aE$6MhuMxv+FihCRtyMclWVxYv0QtCLG5v4KwW+/e9Yqo0=','2022-04-27 04:22:28.089426',0,'agredacorrales@gmail.com','','','',0,1,'2022-04-02 04:59:19.000000'),(4,'pbkdf2_sha256$260000$WGpOQML8ZPUlxzbhBXH6iS$AFd5bRG4RomdbKlBv4OAC1HvXbat+O6BYePZ0Yag9fE=',NULL,0,'aguilarmamani@gmail.com','','','',0,1,'2022-04-02 23:50:08.000000'),(5,'pbkdf2_sha256$260000$mWw5kFCToey88HH90txBg4$328lc6Z93VC8oUMyJ13SCql0h4FGLMaHQOL9Istogow=',NULL,0,'aguirretorrico@gmail.com','','','',0,1,'2022-04-02 23:50:43.000000'),(6,'pbkdf2_sha256$260000$wFiCBQ7wkl58ydVwskjuLo$//v0D3uTbiGH9BA7aFyttepkayuVKcElCNJ5drOqp9Y=',NULL,0,'alcocergarnica@gmail.com','','','',0,1,'2022-04-02 23:51:59.000000'),(7,'pbkdf2_sha256$260000$n1tsgOnsg5GD03tRxm78vQ$MhLD6wr2AUgccsrdze+mXBDMjo1u/h9wMQ19oa01MGE=',NULL,0,'alconpuña@gmail.com','','','',0,1,'2022-04-03 00:11:16.000000'),(8,'pbkdf2_sha256$260000$PZeI1L4hFY8nskYPHpy6FW$jgKAFUo3x9zQCpCmWN7HV1qwAa/dZrdJ4iroJq/IZq4=',NULL,0,'alejoespinoza@gmail.com','','','',0,1,'2022-04-03 00:12:20.000000'),(9,'pbkdf2_sha256$260000$lgdESsqTpHpzhLN7DWAjg3$5SkMJJSpuPdeSGtRnFMnJFgea2gJlXFcsYwzhxdJlDI=',NULL,0,'alfarodenus@gmail.com','','','',0,1,'2022-04-03 00:13:02.000000'),(10,'pbkdf2_sha256$260000$g5WdcG6nsH6IogU934bBWK$syqz/fzKMz7yxmR2Yzy+OI5QkaiIWqKEJ57u8oguEQs=',NULL,0,'alissparedes@gmail.com','','','',0,1,'2022-04-03 00:13:40.000000'),(11,'pbkdf2_sha256$260000$NM0odkwOGCZT1XIuUpOrvO$RgrUZ2sFbpcXabwY4OTtpA+AFJNIG2VnM7mKQY9PRwo=',NULL,0,'alvarezcaero@gmail.com','','','',0,1,'2022-04-03 00:14:54.000000'),(12,'pbkdf2_sha256$260000$z5gpalPmtCqJjMxCTIH41R$YuRnvXQWH7NtTctKU2tgiXnHJAqVQwZdHh3NE4ylvhM=',NULL,0,'alvarezquiroz@gmail.com','','','',0,1,'2022-04-03 00:15:43.000000'),(13,'pbkdf2_sha256$260000$kR0J6QOoXvO3RhUnpmyfF2$Ah1Dx6VJ5firb3UsLKVD6PzU5U4kJPks09nVgoetI9c=',NULL,0,'andradeuzieta@gmail.com','','','',0,1,'2022-04-03 00:18:03.000000'),(14,'pbkdf2_sha256$260000$mmxXubOlQESpU0RRXkOwkn$NsXeOK8TKH8335l0gom9KO8wsnjKdTaN1gwapxvw/OQ=',NULL,0,'antezanacamacho@gmail.com','','','',0,1,'2022-04-03 00:30:43.000000'),(15,'pbkdf2_sha256$260000$stOvSAovnFe5wq1KmTcWtL$UJwJ8djjcuqRq537pDVdPshNpfcMkxVjnSPgEMVT6Yo=',NULL,0,'antezanafernandez@gmail.com','','','',0,1,'2022-04-03 00:31:24.000000'),(16,'pbkdf2_sha256$260000$qTI5Kr19KgxLxjYIkTJdqO$vEhgGgGC5Y7z7f8gZRrBjcnGc5TeHys+1JZDHoyNiWA=',NULL,0,'antezananogales@gmail.com','','','',0,1,'2022-04-03 00:36:00.000000'),(17,'pbkdf2_sha256$260000$a93j6UgCXlEpYPp7AfmPuL$fys8QNG8vDSff005cU+w2kie9dPeuCBhWJHN5fMUnxw=',NULL,0,'antezanaroman@gmail.com','','','',0,1,'2022-04-03 00:37:45.000000'),(18,'pbkdf2_sha256$260000$6TRkWra3N6lHGscwIVaqzi$6OQiS/U5nuqJCOT9l+Htmcvc1IH/fh/rv/9vp9xvqaU=',NULL,0,'antezanavalera@gmail.com','','','',0,1,'2022-04-03 00:38:22.000000'),(19,'pbkdf2_sha256$260000$MRoLqsOTctem9WRZzNNkYn$TFg2vg78ACOzuxlgBU5yujwAA8nTXMMzvpxfOHmaF5s=',NULL,0,'aparicioyuja@gmail.com','','','',0,1,'2022-04-03 00:38:49.000000'),(20,'pbkdf2_sha256$260000$HtmhSFGW61zJJcFRcsbm4K$QwspCHVCFB891lPDe9l1RQcGolco9P+6ilFep4KXIhE=',NULL,0,'arancibiaguzman@gmail.com','','','',0,1,'2022-04-03 00:39:14.000000'),(21,'pbkdf2_sha256$260000$ZVpeQxN3qXzmS4ZUPNb8Kp$0LXQ5nu8HK8PduFqJaXUSTo5YhyAkYRs62/SBpqcBXA=',NULL,0,'arancibiamiranda@gmail.com','','','',0,1,'2022-04-03 00:45:11.000000'),(22,'pbkdf2_sha256$260000$wyNCX9SyP754DxZeITNtOI$4N+B9J+lfDuqoBhO3IrqHHCU+TzmuFiOGgGAh0NdixI=',NULL,0,'aranibarlafuente@gmail.com','','','',0,1,'2022-04-03 00:48:46.000000'),(23,'pbkdf2_sha256$260000$4HZ6f2brIAT6bam95K54lO$z/8rGB0mSyuIjw3q3wSd8V2C1QeqHg9lR3/WuZ+7x7k=',NULL,0,'araozjaldin@gmail.com','','','',0,1,'2022-04-03 00:51:14.000000'),(24,'pbkdf2_sha256$260000$2oUDOItlMIcfyGPmur0d2m$7MdpbalgFYrzU91lLsKppisD8PUJSII6KcL8wxweOeA=',NULL,0,'arcegarcia@gmail.com','','','',0,1,'2022-04-03 00:51:44.000000'),(25,'pbkdf2_sha256$260000$Dwz1aLZc3nPrrGJmGDTXjP$V/mlhgp5Z8Ah7nib+hYlBo4kvVWscIaHrV/PN7vuDeU=',NULL,0,'arispesantander@gmail.com','','','',0,1,'2022-04-03 00:52:10.000000'),(26,'pbkdf2_sha256$260000$gFxJNPKrJRhobtlg6dxSWF$SU/AOG/hNfcgqzGd5uV1Ad1Tk5LDjt4BcRReErCbxXs=',NULL,0,'arispesantander2@gmail.com','','','',0,1,'2022-04-03 00:52:30.000000'),(27,'pbkdf2_sha256$260000$XpfqQOIjy0nV2Jcb30KCWc$tjyu3+yUOwZx20sodZgcKuEINz+hHrAawnZFqfn/LbI=',NULL,0,'arnezcamacho@gmail.com','','','',0,1,'2022-04-03 16:24:26.000000'),(28,'pbkdf2_sha256$260000$V3BCkBxEunP6mWC764qRNG$WQ/TvjfRRbCiqaDJRdk8PPrJGK0DQKpNSDTqzqUzz04=',NULL,0,'arneztorrico@gmail.com','','','',0,1,'2022-04-03 16:25:23.000000'),(29,'pbkdf2_sha256$260000$1i4WLEOhEZfJIsMN0uipUo$z/cckYLq0uLaJ5b5bodIj1we1Y75jWwbsqigOPW66Rk=',NULL,0,'arrazolarivero@gmail.com','','','',0,1,'2022-04-03 16:27:48.000000'),(30,'pbkdf2_sha256$260000$8ezinHxQdvPctBU7cO3VrO$XWwpMUSBaqHHL1hsnYp0yTQUZK4TuIXe38fu8p2xebg=',NULL,0,'arzabemaure@gmail.com','','','',0,1,'2022-04-03 16:28:15.000000'),(31,'pbkdf2_sha256$260000$ay3Ki5B0mz6qb2gVzBlDGi$gDc/r6sFhvIBXzP+BOHcAVyvWiwpzZe75Pjz2Gpod2o=',NULL,0,'atahuachi@gmail.com','','','',0,1,'2022-04-03 16:30:59.000000'),(32,'pbkdf2_sha256$260000$XNKU5FGAoPaZwn64epZA2p$Ub/rAbAWmaTX7fMBdVJdqBFF0DaqtL7YJBaROoPO7Wk=',NULL,0,'avilaalba@gmail.com','','','',0,1,'2022-04-03 16:31:25.000000'),(33,'pbkdf2_sha256$260000$yphCM665XcPSs9620QfWfq$+pNvW1swDg1QbcMyJyfQVgwHBMN5V/ieXoyFhRxAHbU=',NULL,0,'avilalara@gmail.com','','','',0,1,'2022-04-03 16:32:35.000000'),(34,'pbkdf2_sha256$260000$NHpQ8RuiZNnTuiRTWkOQ9N$YwMqWnWp/zo+EjcRX5uD7p6u6Kp1l8exzD+Eq1F/I50=',NULL,0,'ayllonacosta@gmail.com','','','',0,1,'2022-04-03 16:34:05.000000'),(35,'pbkdf2_sha256$260000$RhTsru4F2TS97c5SM3Jqtv$Y9WCRZf3UQXnj/AdEWz9f4zeQIgGkQjpd7bXbDdcMFM=',NULL,0,'ayoroacardozo@gmail.com','','','',0,1,'2022-04-03 16:34:30.000000'),(36,'pbkdf2_sha256$260000$7vTakUXyJCPEXQPTzoIGsN$5ZQKfTvfewDjcufwJlST9o1EzTii+jD1GnzzcZ7SS/0=',NULL,0,'azeroalcocer@gmail.com','','','',0,1,'2022-04-03 16:34:56.000000'),(37,'pbkdf2_sha256$260000$bULVmuyJYe1Kn83PojgNA7$+KeKMNbAlHwpGw1Qn4vEsm7MgbiVsIbY3s6DWnYROVI=',NULL,0,'Balderramaangulo@gmail.com','','','',0,1,'2022-04-03 16:40:35.000000'),(38,'pbkdf2_sha256$260000$SfuBsvNNQ6AL2cBtIdIQUS$HO9PxOStR2ZDOxnF+p4UpDl9MS53l2iAJmhDSG1PjEA=',NULL,0,'balderramaidina@gmail.com','','','',0,1,'2022-04-03 16:41:01.000000'),(39,'pbkdf2_sha256$260000$8oJdXYY3owjO5u0WDD94en$SWN2EEHSB7msOt+SSCHlSaW+0KSFr48QMtJIg1xf6W0=',NULL,0,'balderramatorrico@gmail.com','','','',0,1,'2022-04-03 16:41:40.000000'),(40,'pbkdf2_sha256$260000$5hdmWb01dROW8dBVygHkrh$Ff3/xQ3iACXDIyziHsaC0HW19EUp67k0ypQDfmpc15s=',NULL,0,'Baldiviesosaenz@gmail.com','','','',0,1,'2022-04-03 16:42:16.000000'),(41,'pbkdf2_sha256$260000$dlU4O22bQB1eFiwzYDAGpq$WCCSCEX5BvVHA8j1Pu85IkjQDQJizuYr4eHv+4WyvEE=',NULL,0,'baptistachuya@gmail.com','','','',0,1,'2022-04-03 16:42:40.000000'),(42,'pbkdf2_sha256$260000$8h3NcEz3roBvEPiS5iqGAA$JfeQ/JERfZLi0qhe7V1Hlb9FKbizHquLsOhEnNVSQsQ=',NULL,0,'bautistaherbas@gmail.com','','','',0,1,'2022-04-03 16:46:23.000000'),(43,'pbkdf2_sha256$260000$OPPGk5zjqvdaiPqiKq4DWw$JmhvwyFTwvMSW04D6ZJWc8klt6Jo7xFmbqnaeZ7bP3g=',NULL,0,'blancococa@gmail.com','','','',0,1,'2022-04-03 16:46:48.000000'),(44,'pbkdf2_sha256$260000$m669gzFOBsAz7aAwwel5zG$/8ndTH8z1ZdiEhDPmQPtzN/f/wkqr9p2PZhWBp8ZQoQ=',NULL,0,'brucknerbazoberry@gmail.com','','','',0,1,'2022-04-03 16:50:15.000000'),(45,'pbkdf2_sha256$260000$Aq5OObiQ55uGZoAOL8Wqwh$te9O1INXlbHhoIjjJtknzWN6MCChbphRPwrCZ53q24o=',NULL,0,'bustillosvargas@gmail.com','','','',0,1,'2022-04-03 16:50:51.000000'),(46,'pbkdf2_sha256$260000$8vPhoJMsJxz2Sfvy8CSIuv$QyB/7kTva3oInwsuX2lKOK08lFFTpatxN7Jy3q2jBy4=',NULL,0,'butrongandarillas@gmail.com','','','',0,1,'2022-04-03 16:51:13.000000'),(47,'pbkdf2_sha256$260000$BxdQT4WhoEBUT43DmW9Kz8$jGNG0HUqAvqrLuYzyA70z9lmRMhGX+noqOjlFVI14nI=',NULL,0,'caballeroflores@gmail.com','','','',0,1,'2022-04-03 16:51:34.000000'),(48,'pbkdf2_sha256$260000$3Ah2doDe3JenflGuXiuS5c$L+CqjCYoFpup2iSYqA2hjcnzE7nwGtC2RKGOfki5+Wg=',NULL,0,'cahillmangudo@gmail.com','','','',0,1,'2022-04-03 16:51:58.000000'),(49,'pbkdf2_sha256$260000$SB3MTCRHnXEXOGykHuyMqG$5tfXqmEpCfmNhm+aRBmJPdnuSrrdN37aUltyRDmXL0U=',NULL,0,'calanchanavia@gmail.com','','','',0,1,'2022-04-03 16:52:21.000000'),(50,'pbkdf2_sha256$260000$bEBCaBu86uJsqx4eEljscX$7fCAbRm546ZHQUM5khjuVhDahMuJBZCnT9Y75mBQWjE=',NULL,0,'camachodelcastillo@gmail.com','','','',0,1,'2022-04-03 16:52:45.000000'),(51,'pbkdf2_sha256$260000$bWfepIBEndWH7ZAv9d5aAR$MTguPrQpr/gesSqKiEIc+Use2qvDAl0im/pmjgo2PtI=',NULL,0,'camachopeña@gmail.com','','','',0,1,'2022-04-03 16:53:09.000000'),(52,'pbkdf2_sha256$260000$psHrkbrsdhZu7zcxNwYAdw$nK/IDmd+lj1Fqo0x7eiYw48CM2bpQEfuS0ysmUAlj6E=',NULL,0,'camachoquiroga@gmail.com','','','',0,1,'2022-04-03 16:53:54.000000'),(53,'pbkdf2_sha256$260000$qIVtO01TaFXOWN5hpYR6Y5$v6xrCFOqGdHBgbatuh+W8qxvJv+mWZ2yvVOosrxbxx0=',NULL,0,'camachovillazon@gmail.com','','','',0,1,'2022-04-03 16:54:17.000000'),(54,'pbkdf2_sha256$260000$OibfUQ6EV5asHMcyb5J2jT$AByiSCb8r7Fvx0ebbXuHAetkpkC5qtiUe1MQK7ViQR8=',NULL,0,'canedoespinoza@gmail.com','','','',0,1,'2022-04-03 16:54:41.000000'),(55,'pbkdf2_sha256$260000$5hFUoBXUBFDuronlKOsZBG$634t67yLBtyItuRpDqu+dOeOhdboNW8a6IvgU4k9cHQ=',NULL,0,'carballocadima@gmail.com','','','',0,1,'2022-04-03 16:55:02.000000'),(56,'pbkdf2_sha256$260000$GW6jCiQqspdU07ZoF5SZin$9F6jWzSQ4Yn0LMONies/ft0uXaAMkBYqq2bRJPVttnU=',NULL,0,'carrascocalvo@gmail.com','','','',0,1,'2022-04-03 16:55:26.000000'),(57,'pbkdf2_sha256$260000$clCW5jKSvUcFrktaNo3RZV$FgN8kZ2NozUkFqpfyrZMXr+uYPsKvmntw28J7e9Uw0A=',NULL,0,'castellonreynaga@gmail.com','','','',0,1,'2022-04-03 16:55:47.000000'),(58,'pbkdf2_sha256$260000$MOsDzbeMlPUuL1KM31FlEo$lXRFMBnhYNKs4JN9KDUbNvhMHw+QLAlwfi1tJp+qe5E=',NULL,0,'castellontorrico@gmail.com','','','',0,1,'2022-04-03 16:56:08.000000'),(59,'pbkdf2_sha256$260000$9IqWgCnOgrYR4hoQ77a2AB$pTEVVp75Q5CS4Wre+wVi1TVb5oJ4mccsSrh/3QPbpOs=',NULL,0,'castillozegarra@gmail.com','','','',0,1,'2022-04-03 16:56:32.000000'),(60,'pbkdf2_sha256$260000$Al38Lm48zLBHN82eMCUi4X$qOjYpMEVqaWNnF7I+/cXag7YAp8mf1Nb+p8AJQI7ohc=',NULL,0,'castrolazarte@gmail.com','','','',0,1,'2022-04-03 16:56:55.000000'),(61,'pbkdf2_sha256$260000$TIasnAcVKuAjScEbP9nsWw$x4pwaz9EL7W43w7l8sWiBPlZyZDdJuoOBEW1YY8tyiQ=',NULL,0,'cataririos@gmail.com','','','',0,1,'2022-04-03 16:57:24.000000'),(62,'pbkdf2_sha256$260000$qmRLPfhL0QR9Ufm95vQjY8$uEH8jfcWy+5N7thB8r4ka0jbauhsGbeeeVeVqi9z++Y=',NULL,0,'cespedesguizada@gmail.com','','','',0,1,'2022-04-03 16:57:50.000000'),(63,'pbkdf2_sha256$260000$MZtJ8cQTNoi87mlyequCvJ$He/iHNGjwQSlFCK9fgc6TxE5fSn4Ywy4eEyROYBDEmk=',NULL,0,'choqueflores@gmail.com','','','',0,1,'2022-04-03 16:58:13.000000'),(64,'pbkdf2_sha256$260000$0RzvttJ62fNfUYY6E9aQ6y$/Y+oTJUP65wjy8PLXqmFFVGRniRw0WWQL658DYZzJ3g=',NULL,0,'choqueuno@gmail.com','','','',0,1,'2022-04-03 16:58:34.000000'),(65,'pbkdf2_sha256$260000$KhukqmguS7o5f8X2sS85mW$xPnTFWQDEbbjkhjHHZvQPcT8LFoWozi2d3zT3Sqh46w=',NULL,0,'claroscruz@gmail.com','','','',0,1,'2022-04-03 16:58:55.000000'),(66,'pbkdf2_sha256$260000$JOi1kTPt6uYXUezfeFBqMP$gja89aGy6bdF40XCC9zypTpuJKEJA1+yJI1ISa2h02k=',NULL,0,'claurerichard@gmail.com','','','',0,1,'2022-04-03 16:59:14.000000'),(67,'pbkdf2_sha256$260000$P9UQWgoasXhfz4VU24GgY8$aYJgdwmne+JL4H3MDPXicsCXQo4tBJYat9uNUO/VQso=',NULL,0,'cocamendez@gmail.com','','','',0,1,'2022-04-03 16:59:39.000000'),(68,'pbkdf2_sha256$260000$RE3bGNSq4XnQrG3S167tnT$YUn17jqSa0B7Q3JsRkcYNeDcCy2FJA6mw9Uq7KXYOpo=',NULL,0,'cosiopapadopolis@gmail.com','','','',0,1,'2022-04-03 17:00:09.000000'),(69,'pbkdf2_sha256$260000$rgEX6QyIB0xokQW1hPGxtw$g1OkBsna/uG9wHik7nmYJdVOKRRzjqe5ICNiDAhAU1w=',NULL,0,'cossiocabrera@gmail.com','','','',0,1,'2022-04-03 17:03:25.000000'),(70,'pbkdf2_sha256$260000$Myte9XPEkRU08F8wn34r9o$Bz2gIEdTntFNxQoosWbvEznpKFS+ODnvwvoco29coyI=',NULL,0,'costasjauregui@gmail.com','','','',0,1,'2022-04-03 17:03:52.000000'),(71,'pbkdf2_sha256$260000$IY3qF8jmu6jbgqDbVsyxGN$FWznjAG1d+yNaXLRSfQ8grqBIoNkUXMlGoniAWwzYPI=',NULL,0,'crespogarcia@gmail.com','','','',0,1,'2022-04-03 17:04:18.000000'),(72,'pbkdf2_sha256$260000$4whpCWZYdf75mAf4zwjtKi$iZdeocuNjJNcFAPkG6glz6PJrrUaKpuyYvEkpiyux3E=',NULL,0,'cuellarolivera@gmail.com','','','',0,1,'2022-04-03 17:04:39.000000'),(73,'pbkdf2_sha256$260000$IkUw3IH2zzcRbDooMUeFKp$J0SwhSmgdqdFr6Dd34v37WDGT/ZDGhKYvh0OBJe7Lqs=',NULL,0,'cupeclemente@gmail.com','','','',0,1,'2022-04-03 17:05:02.000000'),(74,'pbkdf2_sha256$260000$52bg5eW0IlpbIyelOM6Jli$Ijvp1Hbvi3e3zOMt8rrhTubBW0SxDVe2+j/J6a5GU2w=',NULL,0,'cussinicolas@gmail.com','','','',0,1,'2022-04-03 17:05:23.000000'),(75,'pbkdf2_sha256$260000$wPedoPIwfsueqUrWLhTqD7$56uC619YIXeWpJ3PMt+iUWFfQh8rUJMVxdTLt6mzKJ0=',NULL,0,'davalosbrozovic@gmail.com','','','',0,1,'2022-04-03 17:05:45.000000'),(76,'pbkdf2_sha256$260000$D0iAwR5FMoqG32J5RJhWIu$hIuYVHqKdoK2GUV09w8bkAnOkh27qtpNKF/rMTUvgxI=',NULL,0,'davilacabrera@gmail.com','','','',0,1,'2022-04-03 17:06:11.000000'),(77,'pbkdf2_sha256$260000$SitILRqK4FxT1b2lsptShp$XPEODSWu925PAfPOXKmbVNXY15HiCga+VSVFZHIC3Ck=',NULL,0,'delcastilloantezana@gmail.com','','','',0,1,'2022-04-03 17:06:37.000000'),(78,'pbkdf2_sha256$260000$w2vvOGVjBfATPyUnnXp2hI$pqwQuBYhJgNXEEKMS7PkYsf4dqE3A3/C1oV483lEIuw=',NULL,0,'delgadillocossio@gmail.com','','','',0,1,'2022-04-03 17:06:58.000000'),(79,'pbkdf2_sha256$260000$ulz3kI4qquJogOz3rV54kO$9HtvCju856fa1o6M6uGlgGirfInbXLE1CCcT7vNb4Rs=',NULL,0,'diazcoimbra@gmail.com','','','',0,1,'2022-04-03 17:07:33.000000'),(80,'pbkdf2_sha256$260000$D1tOiDDLe5hc49T9cFm9h6$hAaDixTyznbRXcLSXfF53//VoMy7I/6e/puusoyfGUA=',NULL,0,'dominguez@gmail.com','','','',0,1,'2022-04-03 17:08:00.000000'),(81,'pbkdf2_sha256$260000$OZTxmXXK7mQWZe0byUjI2J$CE7S1Jnt6rckltWAvBZgRoetCA1ssFdzcov6gJf5z0Y=',NULL,0,'dominguezblanco@gmail.com','','','',0,1,'2022-04-03 17:08:22.000000'),(82,'pbkdf2_sha256$260000$MWHxIyK0nW05mRuE4bs3XF$Rt91bGDvAVj5yzyKlNC7j9mllrQ84BdG7fWAxujAGTo=',NULL,0,'dominguezchura@gmail.com','','','',0,1,'2022-04-03 17:08:48.000000'),(83,'pbkdf2_sha256$260000$7KmgUgYfAJJFO97zIRDCYd$LzPKpcmhM1JJOfYdIfUCnir//BqhVK13MCME3X/BDK8=',NULL,0,'duchenayala@gmail.com','','','',0,1,'2022-04-03 17:09:13.000000'),(84,'pbkdf2_sha256$260000$YHWZp2mr7uo23amDN0nZnP$mVtBgvBKhk1i4gaBW9WVRtVoLa3IrSpTJzz7utvpG1E=',NULL,0,'echeverriaherrera@gmail.com','','','',0,1,'2022-04-03 17:09:37.000000'),(85,'pbkdf2_sha256$260000$QgeYi7PyeH3xrMs2GErwdo$3yCIwYT+0OXQ/h9YxfRztCbVUwC0rpZVIqkbf19f3RM=',NULL,0,'eduardofranz@gmail.com','','','',0,1,'2022-04-03 17:09:58.000000'),(86,'pbkdf2_sha256$260000$GRJo5TZSp5qVB47xrNBGBr$lxCtToyZ5CmD94UWeHFdDi3swVhQErabyNlGR08SEjo=',NULL,0,'escalerafernandez@gmail.com','','','',0,1,'2022-04-03 17:10:19.000000'),(87,'pbkdf2_sha256$260000$hydWZLgnk63ZC8G5Pz0AnN$BCzz6+NCiBIllC78ehsE3nD2EAuPwB4qFxb/UwVImwY=',NULL,0,'escaleramejia@gmail.com','','','',0,1,'2022-04-03 17:10:40.000000'),(88,'pbkdf2_sha256$260000$PxQYZcMtuseifVolXpEI5z$el+ceqZtwo2a33qym8rTkMnOb1Dvtq/inS1/zRW0kQw=',NULL,0,'escaleravasquez@gmail.com','','','',0,1,'2022-04-03 17:11:01.000000'),(89,'pbkdf2_sha256$260000$tSarbN8lMAx7HnsjwT3MLt$nUbmOSLz2b34nWjtklv1Y2izEQ5BzFsDNzKLoTi6b6s=',NULL,0,'escobarseleme@gmail.com','','','',0,1,'2022-04-03 17:11:31.000000'),(90,'pbkdf2_sha256$260000$uVCctaW0a9EglMATtEttBD$zD6Zyo+fI8yvYDNtuI1VAuG//L9EQza7q0lGbGU9H7E=',NULL,0,'espinozaalcocer@gmail.com','','','',0,1,'2022-04-03 17:11:51.000000'),(91,'pbkdf2_sha256$260000$ZWCtZ2dB3XV8omcMjw068U$dC2noYi/mDO+AH4pPZ//yvu1EmE+rUDULd2tu2bYfz0=',NULL,0,'espinozaorosco@gmail.com','','','',0,1,'2022-04-03 17:12:10.000000'),(92,'pbkdf2_sha256$260000$rfjDwfF4utq4hNZqxceMRc$4MPNQiBvQp4MubbWF7BdjfAaV0GOfYfGWc5wscYQYtw=',NULL,0,'espinozaorosco2@gmail.com','','','',0,1,'2022-04-03 17:12:34.000000'),(93,'pbkdf2_sha256$260000$sNELfhEREu4qMwBOh9R1AC$t7PQ3/hDBfHB8tnKqvqvzKsoi0zlH8GEyLRwnjJ6iP4=',NULL,0,'fernandezcalatayud@gmail.com','','','',0,1,'2022-04-03 17:13:22.000000'),(94,'pbkdf2_sha256$260000$h4a8qG5rB3ArB1xmlWP0Zc$bRRxDe/vLglP37YgN/X27Qf3ZQpLQxlJk3qWmOaOcoQ=',NULL,0,'fernandezguzman@gmail.com','','','',0,1,'2022-04-03 17:13:49.000000'),(95,'pbkdf2_sha256$260000$CVWaetAvHgnuZfgh4uxwa0$8weQ0e5Ik4fbsx3RwwGbFRFsG5W7UoC8EzL1fCbz4nU=',NULL,0,'fernandezleon@gmail.com','','','',0,1,'2022-04-03 17:14:16.000000'),(96,'pbkdf2_sha256$260000$usSxzD36BXH1qUXKyXXdbo$DKl+ewQ7jHWGHJDF9XDtnpCkLUf3zWXAqU15lhzdNVc=',NULL,0,'fernandezramos@gmail.com','','','',0,1,'2022-04-03 17:14:35.000000'),(97,'pbkdf2_sha256$260000$aBgBEQKV2rI3oOSzM2qfbi$tk8EEL3ABAQjjxIVznflMYk9LcQb4KcAiHhLBn9cF/E=',NULL,0,'fernandezrios@gmail.com','','','',0,1,'2022-04-03 17:14:57.000000'),(98,'pbkdf2_sha256$260000$XJPSisurMU7HDPfQYk6Q5l$fXKgEEBe/b4DaP6MXiNUJvfLFWSfLt7pXVbYocm2siI=',NULL,0,'fernandezterrazas@gmail.com','','','',0,1,'2022-04-03 17:15:19.000000'),(99,'pbkdf2_sha256$260000$mNCPPcdlU1j2E7UOcgRgXg$bXj3gwfxRUc15sqBJZ3FWQgRfBB6KAIVMc0CroewAGw=',NULL,0,'ferrufinoguardia@gmail.com','','','',0,1,'2022-04-03 17:15:40.000000'),(100,'pbkdf2_sha256$260000$C56yeJSM5g02bmhtvRdFzY$6LD3444x8oWwsH0V4Xc1x2mAmkNrCsHaghZFEoqPYtA=',NULL,0,'fiorilolozada@gmail.com','','','',0,1,'2022-04-03 17:16:02.000000'),(101,'pbkdf2_sha256$260000$8s6dAbcU3UjQ1ydO2QnNa9$U0Vtq7WGvyq+m8E9gcYc/4/DT9O1gwnWRPukD/wPD3s=',NULL,0,'floreroortuño@gmail.com','','','',0,1,'2022-04-03 17:16:34.000000'),(103,'pbkdf2_sha256$320000$8L5yQqpxhU5zYa5gup7ufb$etlHjThvnkfeYvrbLvVcd/kjR+M9qaJsJ3H5sLEj1nA=',NULL,0,'floresflores@gmail.com','','','',0,1,'2022-04-04 21:56:00.000000'),(104,'pbkdf2_sha256$320000$MpKHxnvMPhPmXaod2OY7DC$V9CGX8FMIoexAWnQC9pZKoCmMEsGxogK9GpWxTg4aJY=',NULL,0,'floresgarcia@gmail.com','','','',0,1,'2022-04-04 21:56:40.000000'),(105,'pbkdf2_sha256$320000$0Tzmy160aC5jKAl4XR6ZaT$F9Xv4WpO+YCfn14aTYvglOUv4eUlO0u6+4tjfjrgSt0=',NULL,0,'floresrios@gmail.com','','','',0,1,'2022-04-04 21:57:25.000000'),(106,'pbkdf2_sha256$320000$FgqXxVrFLQ841Yzkzi2T1w$5yVHc7RKbLkKVhNzLCbaQ0N9+wDkA1YTtozPR00H/Jk=',NULL,0,'floressoliz@gmail.com','','','',0,1,'2022-04-04 21:58:43.000000'),(107,'pbkdf2_sha256$320000$3Tbo17YpEaWNNsG8suEWKc$+4tTZOLXwkg9Cy0ZV8aLZ2bxWCWkVNJuLh8tGRSYug0=',NULL,0,'floresvillaroel@gmail.com','','','',0,1,'2022-04-04 21:59:29.000000'),(108,'pbkdf2_sha256$320000$Kb6we2TSFzOAFp0UmgNZK5$Uy2muz4u+MDq7V7T1cUXJi710bFRd/dUtde7aD/zaJY=',NULL,0,'fuentesmiranda@gmail.com','','','',0,1,'2022-04-04 21:59:53.000000'),(109,'pbkdf2_sha256$320000$wWW26XuesblJJHTirux8wH$jdxweb6gCg1+8/nFmhr/+Iq0mMzr4Q7kmavPhxLpd4c=',NULL,0,'galarzabarron@gmail.com','','','',0,1,'2022-04-04 22:00:35.000000'),(110,'pbkdf2_sha256$320000$l3046IspXUND7po9IjEsG8$JTnYEXro40/gbnkF5Pk/4EAsa9QgDdMYpUFpk6ftXvQ=',NULL,0,'garciaanturiano@gmail.com','','','',0,1,'2022-04-04 22:01:00.000000'),(111,'pbkdf2_sha256$320000$3ZhvIE23bobGPEvmJaTBIy$6olUnnsWDpCJ+MQReXRAt/euWH2IorsPxwdx8Ey1tHw=',NULL,0,'garciamolina@gmail.com','','','',0,1,'2022-04-04 22:01:24.000000'),(112,'pbkdf2_sha256$320000$L3LSJ5U3rH4KzIDYbaP4dl$V04Uexazbn3rPTDi2jE6LtyN6aFen7ZXFwkEkfer6oM=',NULL,0,'garciaorellana@gmail.com','','','',0,1,'2022-04-04 22:01:48.000000'),(113,'pbkdf2_sha256$320000$OSzBUQ0ZriRSJESEeR6Va3$+jTc4PQQ0Dw5usC+8/n/Nr3/Z5mmHb/siiCAZ5qFg88=',NULL,0,'garciaperez@gmail.com','','','',0,1,'2022-04-04 22:02:46.000000'),(114,'pbkdf2_sha256$320000$hwkE2uaVuH9GkbRWpvJt98$77OWx5eWIGKgEn82uoISv71hP660ISNDWHy8X0o4jms=',NULL,0,'garnicaarostegui@gmail.com','','','',0,1,'2022-04-04 22:03:15.000000'),(115,'pbkdf2_sha256$320000$39uhU0hnWo1ne3wN6aGk0x$NtBlUzPMqTJLqMPNakYywT/6GtyHfxkuf4ma+pTzykg=',NULL,0,'garridovargas@gmail.com','','','',0,1,'2022-04-04 22:03:58.000000'),(116,'pbkdf2_sha256$320000$6sw5JMCg09PFcd1I6m4ZzB$3O5k/98+l75ut4nfUQ9a+s5+BNjtOAbO6vYr6/BqSB8=',NULL,0,'gianninizalloco@gmail.com','','','',0,1,'2022-04-04 22:04:23.000000'),(117,'pbkdf2_sha256$320000$lDO3hHaaiugELWDFP2OjCB$6tN8HHTaCG26m0NGAOAQ6uwFPp2xgFqyQbPPZaUSSvQ=',NULL,0,'goitiaarce@gmail.com','','','',0,1,'2022-04-04 22:04:46.000000'),(118,'pbkdf2_sha256$320000$eSMckf4fu9aPjaNc7B48UX$uDna0dKDl08h0HcMGU9rZQBzUrZDwtv4zkzWUhN1QAI=',NULL,0,'goitiaarze@gmail.com','','','',0,1,'2022-04-04 22:05:12.000000'),(119,'pbkdf2_sha256$320000$yGEnIKq5xtA3DyrJsFoJX8$ud0Owwf5coVvHKIiwBo545GQBScxBg1qJg/FiusFOUk=',NULL,0,'gomezugarte@gmail.com','','','',0,1,'2022-04-04 22:05:34.000000'),(120,'pbkdf2_sha256$320000$t4FQmExKqiwsbrIkwOWt4M$EdRTjN/uqmet/SaUrnHQJGjuoJFYgm6++4WEBmXfpiQ=',NULL,0,'gomezvargas@gmail.com','','','',0,1,'2022-04-04 22:05:59.000000'),(121,'pbkdf2_sha256$320000$WP6aMn6lwIEfKEmwDbSywe$SthvQ2G75Fhi3Kv8P7XK1oL7ODrZ3LJJnaQrDcOIy8M=',NULL,0,'gonzalesacosta@gmail.com','','','',0,1,'2022-04-04 22:06:18.000000'),(122,'pbkdf2_sha256$320000$lpEJC2ruMA3JmvvYWXJDRe$XEbKK0YFedpHswWiig6TaeVmMjKjeuXvLzRw7c/oB/Q=',NULL,0,'gonzalesamaya@gmail.com','','','',0,1,'2022-04-04 22:06:48.000000'),(123,'pbkdf2_sha256$320000$I8YeuBXs2Q69adu2QuZCzr$sN4RY8gmSvt9Lwvx4TuOdFNmZOr9k1bwtjEpv/dZ9yQ=',NULL,0,'gonzalescartagena@gmail.com','','','',0,1,'2022-04-04 22:15:29.000000'),(124,'pbkdf2_sha256$320000$tXd6pmbtdZ51uYQN2HLfTd$jITRoajo71xjOF4wkKRStf3SCrxE2wBkECBOrzdZwmc=',NULL,0,'gonzalescastellon@gmail.com','','','',0,1,'2022-04-04 22:16:26.000000'),(125,'pbkdf2_sha256$320000$2Uc7IUW65ewB5kAmMsGSw2$vJm9gubUlhbF6zPBfGw8KOaxGZWiJD8En6BuZVSkFSc=',NULL,0,'grilosalvatierra@gmail.com','','','',0,1,'2022-04-04 22:17:01.000000'),(126,'pbkdf2_sha256$320000$IxyYn8Rf0nHdvEZKayF63n$7EM8/VzTO7yezdgnr2LyoJJoVJB5lT2JH/CkrRhn7sE=',NULL,0,'guillensalvador@gmail.com','','','',0,1,'2022-04-04 22:17:24.000000'),(127,'pbkdf2_sha256$320000$B9NVyBDd0qka69HcFKbZNZ$6BH6p/QjAXvRpa5B5bsKDk61M4Y6vEsF2iJPEgIjwgk=',NULL,0,'gutierrezandrade@gmail.com','','','',0,1,'2022-04-04 22:17:47.000000'),(128,'pbkdf2_sha256$320000$oeircgTGX8z7nIPNx9UDEF$yYS+bB5EkqY3CBhE0ZG0Z3VsmdymdqecIu00QIsLao4=',NULL,0,'gutierrezmartinez@gmail.com','','','',0,1,'2022-04-04 22:20:02.000000'),(129,'pbkdf2_sha256$320000$AmeZQsmjTBStZ7EsNMPR1K$Y9GbY62l5MjgxbwEzpZB3evsIMR7QAYmJE9SCy+BEuc=',NULL,0,'guzmanalanes@gmail.com','','','',0,1,'2022-04-04 22:20:30.000000'),(130,'pbkdf2_sha256$320000$DPOcfw9JVi8hxC4hTEqzhP$A4gXpTBSwe6YG5t+fAw+w3xAHNCHDrbWA8g9zq38l4Q=',NULL,0,'guzmanorellana@gmail.com','','','',0,1,'2022-04-04 22:20:51.000000'),(131,'pbkdf2_sha256$320000$wXEIULmE7XBcFPc2wjCaNf$v1XtVaCcsPPN8RsGsm+r5Mam7JmbPZ0E9ouD/YBGP90=',NULL,0,'guzmansaavedra@gmail.com','','','',0,1,'2022-04-04 22:22:05.000000'),(132,'pbkdf2_sha256$320000$m6CU06XbP6XqpzrFBdJmbZ$JiLon4J3ZqDdo6btAIutylyWUHZLoZ7PR5U4nGh6Yjg=',NULL,0,'guzmansuarez@gmail.com','','','',0,1,'2022-04-04 22:22:30.000000'),(133,'pbkdf2_sha256$320000$rYj3fG0plY6FOXh2k78wGj$snsiBPQ9+IYvEyDicN6oKDc4kYasDktZkhOB9zJKwn4=',NULL,0,'herbasangulo@gmail.com','','','',0,1,'2022-04-04 22:23:02.000000'),(134,'pbkdf2_sha256$320000$F7ys3K4jbmwxGewRQXYONQ$DErTvRrJOUh29fVbS+pHolu4XvAEWNRWQXbgD2XHXC4=',NULL,0,'herbastorrico@gmail.com','','','',0,1,'2022-04-04 22:23:45.000000'),(135,'pbkdf2_sha256$320000$uoj4Qb4id8RVP78DX7lZsi$OoVy7GdVmTCgnGIIDOR/7SJvSFx0Azdw5CE5BuktmJk=',NULL,0,'herediagomez@gmail.com','','','',0,1,'2022-04-04 22:24:14.000000'),(136,'pbkdf2_sha256$320000$rtg1FdqktANXlKKMtS1e7Y$A1FKaM8fhEZCUbQxko3nez3a4ufy73nvTsfDMvKjHBg=',NULL,0,'herediasoliz@gmail.com','','','',0,1,'2022-04-04 22:24:35.000000'),(137,'pbkdf2_sha256$320000$E5EtROYeAISa7Xx6KtqcU5$nwAZ20PjfXEom8565p9fF4VyPw/tP8FM5jeYM8a+Umg=',NULL,0,'hidalgosanchez@gmail.com','','','',0,1,'2022-04-04 22:25:01.000000'),(138,'pbkdf2_sha256$320000$KwE4gNqdGyX0SiBRXcrUBY$2KTaKZAZvUPoL10Muha12d4Riza3QDRh5TS8Hle7siQ=',NULL,0,'hinojosasalazar@gmail.com','','','',0,1,'2022-04-04 22:25:29.000000'),(139,'pbkdf2_sha256$320000$oBB9HOr2hKBNM4GMGc2dx0$5lw/zW4lxpuAJozeOIfGDrLV/jyTPKFI7zb5BQJzXzU=',NULL,0,'hinojosatorrico@gmail.com','','','',0,1,'2022-04-04 22:26:00.000000'),(140,'pbkdf2_sha256$320000$5GE18e97BQ4mOGVc6WlPp7$QmCiDhRXtyhfwGrJ74xYvEyh5W/xHhTbpXhNpeWp8fE=',NULL,0,'hoepfnerreynolds@gmail.com','','','',0,1,'2022-04-04 22:26:24.000000'),(141,'pbkdf2_sha256$320000$uTetWNohBjGmmWMyJP7vNx$uak/rS/IMfH0jsVHfLRKd1X90nZ0f5jUUw+wneCyWis=',NULL,0,'hossesahonero@gmail.com','','','',0,1,'2022-04-04 22:26:49.000000'),(142,'pbkdf2_sha256$320000$1d0xpZl4DhRfuoNXew6LJw$Gvk/dyk6DkDUkEyIzL/y051blUVOyCvzGfYkcF0jrOE=',NULL,0,'iriartepuña@gmail.com','','','',0,1,'2022-04-04 22:27:17.000000'),(143,'pbkdf2_sha256$320000$DiHNiBMBntXKdR4n7MA6Jg$JJj/D9Uuo2seZp/YgZwj8wHqiS6ROG0wQv4mHS6593w=',NULL,0,'jaldinflorero@gmail.com','','','',0,1,'2022-04-04 22:27:39.000000'),(144,'pbkdf2_sha256$320000$ft3gHwzOt3jZHH0FJEjRLS$dN/6kaTvShXfFcA8xPQ8ObV/fLoMXnwJgEYenSg/rbc=',NULL,0,'jaldinrosales@gmail.com','','','',0,1,'2022-04-04 22:28:09.000000'),(145,'pbkdf2_sha256$320000$MZU1x7eHGVP4dFCPleqadv$2r2D0LGaLrLhbnFdynNzr3J0zNvjVJx1MUKzg/E1yOQ=',NULL,0,'jaldinsalazar@gmail.com','','','',0,1,'2022-04-04 22:28:41.000000'),(146,'pbkdf2_sha256$320000$aFIlkO6SFjBxsiwYIejpNY$hxl7IxYQJqIdJImqmWWFfr9iuyOSHaRIFJseNe8oeKc=',NULL,0,'jaureguicarrasco@gmail.com','','','',0,1,'2022-04-04 22:29:26.000000'),(147,'pbkdf2_sha256$320000$PXASa5DcEpwLUlAIKkDLI4$5xODTYsV0qwjXLQP8SHULJCZ2J9mx6BWHeFUuBJA6PI=',NULL,0,'joffrelara@gmail.com','','','',0,1,'2022-04-04 22:29:53.000000'),(148,'pbkdf2_sha256$320000$WCzRhoZjT1WCvYSBgXWDx5$f0HMvL1XrakSR0GBQ2tUQhAIDh15gBRKOGmmQxzFhRE=',NULL,0,'juchanibazualdo@gmail.com','','','',0,1,'2022-04-04 22:30:10.000000'),(149,'pbkdf2_sha256$320000$6cYcxchaJYrlpJKel2H7Gj$8lEFNKEf0d6pNQgYN9Ct9f8MRDpGWTDN4oG3rNRnQz4=',NULL,0,'laimezapata@gmail.com','','','',0,1,'2022-04-04 22:30:29.000000'),(150,'pbkdf2_sha256$320000$zZ2L1o8z4F0KH3CORHJ5BV$92DRs1RFUBQikr6dk04U+lYpsWE9vyBNaVzPQRBlAOE=',NULL,0,'langegonzales@gmail.com','','','',0,1,'2022-04-04 22:30:57.000000'),(151,'pbkdf2_sha256$320000$1aHtgrUH8S5OOqh8pLhElv$cTnA0rAxpQuiEmM4U6WikyTLOvaW09um6apWK4jEoOo=',NULL,0,'lazarteastulla@gmail.com','','','',0,1,'2022-04-04 22:31:25.000000'),(152,'pbkdf2_sha256$320000$7IlJXZRnyy3T4MvITiNyQz$XTLa5IVXqvCMcAN4E+vLDPvBhqwYfPLJo0B1SYr4ovs=',NULL,0,'lazartevillaroel@gmail.com','','','',0,1,'2022-04-04 22:31:45.000000'),(153,'pbkdf2_sha256$320000$HmvljBcTA4RDNckbXrtAqw$co3eqUAzUPevGyLGO/C4syyjSLVGYs42THKRuPNdFT8=',NULL,0,'ledezmaperizza@gmail.com','','','',0,1,'2022-04-04 22:32:06.000000'),(154,'pbkdf2_sha256$320000$Sfk571owMc3SQY7NcS7ovA$QK8pNFTGqf/7cDAGQiS+BXipWs5mKbGntpAVXlN5/XE=',NULL,0,'leonromero@gmail.com','','','',0,1,'2022-04-04 22:32:51.000000'),(155,'pbkdf2_sha256$320000$8kRaVig7cbNXtVmfIZlqUW$+JOe4lq9bF4zmaIvmtDTR2AOk7yumY265Qydy18AizY=',NULL,0,'limavacaflor@gmail.com','','','',0,1,'2022-04-04 22:33:32.000000'),(156,'pbkdf2_sha256$320000$fUFDvDXbaNlf8hoLSr7AzK$MsiO5iLxRUN7bNmOVJ3bfraAnL9fO+NlybtBaaOFKjA=',NULL,0,'llavevincenti@gmail.com','','','',0,1,'2022-04-04 22:33:54.000000'),(157,'pbkdf2_sha256$320000$pu4V5bcJkKxt5GYAzHNIZW$RE7rUHMhB/QXhrEEjwIdHXjafkGEj/81k5/nxYqc4a8=',NULL,0,'lopezarze@gmail.com','','','',0,1,'2022-04-04 22:34:14.000000'),(158,'pbkdf2_sha256$320000$GPIr5ijvDF8WdFIm5nU1Ud$gvLxMNignOatFR86KUDxJYpeQhGUKNGb5bBXSw42ouA=',NULL,0,'lopezlopez@gmail.com','','','',0,1,'2022-04-04 22:34:34.000000'),(159,'pbkdf2_sha256$320000$Q94rFRZJqZiVRKAylR0b3c$gijokGgSL8eRtrz13TDLmcb9Y0fLU1/3KUOylQd6NZo=',NULL,0,'lopezloredo@gmail.com','','','',0,1,'2022-04-04 22:36:14.000000'),(160,'pbkdf2_sha256$320000$NvvrxqvW8eyO4heSY5rsau$XHT+eR1LUwH6ZUGnwnj2MU3iO9UFqc8VJIaxQLC8sSA=',NULL,0,'lucanolucano@gmail.com','','','',0,1,'2022-04-04 22:36:37.000000'),(161,'pbkdf2_sha256$320000$80dpk1izrJKuOmhp706g4n$MuK2DLLXb3n346vzBja6jce2YUhPOOzYSlnwRvHhVHc=',NULL,0,'magariñosvillaroel@gmail.com','','','',0,1,'2022-04-04 22:37:01.000000'),(162,'pbkdf2_sha256$320000$GNdhbGRWez0AUg7o5I8PX2$bY1/tx3wwGazHVK8BFePVAe+WmpzZ/pgiU62dLnNWXk=',NULL,0,'maldonadocespedes@gmail.com','','','',0,1,'2022-04-04 22:37:23.000000'),(163,'pbkdf2_sha256$320000$8RvYGvOw4oEdrNc0lsaMPh$eaRngAd1Q3nKgWOXVQ+laJUNjc0fdaTIetF91nT78SE=',NULL,0,'maldonadogutierrez@gmail.com','','','',0,1,'2022-04-04 22:38:11.000000'),(164,'pbkdf2_sha256$320000$vdFQZydFXM4iunmw77nBJj$wXAxXsvKsiIFqIGtE6iDsgZMpwNbTJzjPuklG1Wc6+Y=',NULL,0,'maldonadolopez@gmail.com','','','',0,1,'2022-04-04 22:38:34.000000'),(165,'pbkdf2_sha256$320000$u8SImw05qjm28qTnPUisuk$wegHQhSUChMIBL3cHiMmIhqzGQWBc96osUFPJBxq3aQ=',NULL,0,'maldonadomaldonado@gmail.com','','','',0,1,'2022-04-04 22:39:03.000000'),(166,'pbkdf2_sha256$320000$dWQLGyCrCs8kQSAEu6LQNv$quSsL6S2nKmEF7Crv+rdHy6HaSPHilROf4ei4PfZfQY=',NULL,0,'manchegocastellon@gmail.com','','','',0,1,'2022-04-04 22:39:26.000000'),(167,'pbkdf2_sha256$320000$YmQzTOEPeDCNxeSPO9Qvqp$cCQLJd6oxeJpVyC+847FwCgu7Vi5WdhlKbm60yetfk4=',NULL,0,'manzanedamamani@gmail.com','','','',0,1,'2022-04-04 22:39:54.000000'),(168,'pbkdf2_sha256$320000$STZeu3JAZK7dyrbb0pIj3n$Q45vVzEV4ebfgWUGp4p6MDOEaA+EycxOXckDLJ6Ee5A=',NULL,0,'manzursoria@gmail.com','','','',0,1,'2022-04-04 22:40:14.000000'),(169,'pbkdf2_sha256$320000$JNX3bqJI6XyNhWKh2xLv9B$R18Ly+jnzPFrtdBYffpy9LSkghpPuX+CC7hyXL2XQl8=',NULL,0,'martinezmaida@gmail.com','','','',0,1,'2022-04-04 22:40:35.000000'),(170,'pbkdf2_sha256$320000$Vbs0WygFHuGJAltsfnk64j$yZmaek+awzkTJzWaf1Hg7zGC2UNA2fInUZpRus24y5g=',NULL,0,'matiasmarca@gmail.com','','','',0,1,'2022-04-04 22:40:53.000000'),(171,'pbkdf2_sha256$320000$Zlf15tWljtNEiCUrlvfxDv$gwQtuhqUu0WnPZspOIaZIU0UIoHreKaeIkSjjXKz0Rg=',NULL,0,'medinagamboa@gmail.com','','','',0,1,'2022-04-04 22:42:16.000000'),(172,'pbkdf2_sha256$320000$YIFd1W5x6JGWw0Mm7i0R2F$atHbrsp2N6E1R/TdLF/4qQxejvjZWYUZE3oadIC9n5g=',NULL,0,'medranoantezana@gmail.com','','','',0,1,'2022-04-04 22:42:40.000000'),(173,'pbkdf2_sha256$320000$ScIntGDGTLTcePH4N6XGZc$9Ik78488qBhkYyomfGOstS1TL/lY0CKaXydnCZ79aOg=',NULL,0,'medranomercado@gmail.com','','','',0,1,'2022-04-04 22:43:18.000000'),(174,'pbkdf2_sha256$320000$QShQb6T9knzq9F6Y5Ckdhk$ly0GCvQD59Oo/Fe47H7APeIdmwyfH7TEUgtf/aLBRiU=',NULL,0,'mejiaurquieta@gmail.com','','','',0,1,'2022-04-04 22:43:52.000000'),(175,'pbkdf2_sha256$320000$pcweSKi6C0i4mkGeop09vO$EASAUhs7Pk2282DBDey1p3DqtEe43334kArAQHE85MI=',NULL,0,'mendeztorrico@gmail.com','','','',0,1,'2022-04-04 22:44:17.000000'),(176,'pbkdf2_sha256$320000$L2a0usdP5246IOh5j5xdPk$UtUhudc+CwO01qk029CvaiqnG4vUf0sCtodhJXjJLt4=',NULL,0,'mendezvelasquez@gmail.com','','','',0,1,'2022-04-04 22:44:40.000000'),(177,'pbkdf2_sha256$320000$CvQVaQH8ncxvrRYpKiw5f9$GYwmdhoqIpWbBIotKQYT45ROKiZq1wvSbGl2ItKx0Cg=',NULL,0,'mendietabrito@gmail.com','','','',0,1,'2022-04-04 22:45:02.000000'),(178,'pbkdf2_sha256$320000$ctRaNvau4KozQ3r9Kj3db7$Cydie98Nwt27D2Ikn6qyTNuVFSNzekLjBAOM/n95t1Q=',NULL,0,'mercadoguzman@gmail.com','','','',0,1,'2022-04-04 22:45:22.000000'),(179,'pbkdf2_sha256$320000$lcrBa0mR6ZmlTKbTQB7ff9$3llQ0s+54zCrN7OZ8Uf9TvQSRGpJzh6qWzhbsEsQ0Rg=',NULL,0,'meridalopez@gmail.com','','','',0,1,'2022-04-04 22:45:48.000000'),(180,'pbkdf2_sha256$320000$Mfo7kCnstswam4GBx8IO9b$rqyK0cCxuYVAn/YJq8TZkwPEawMJFLfQ4VN0d2Qy8Yo=',NULL,0,'meruviameruvia@gmail.com','','','',0,1,'2022-04-04 22:46:08.000000'),(181,'pbkdf2_sha256$320000$Kqg3LPrGViE8yys687TDVX$cGHuVqLOet9YYvlQjkQHLRP02DxdaUssSOYGnkwuQBc=',NULL,0,'mezarosso@gmail.com','','','',0,1,'2022-04-04 22:46:31.000000'),(182,'pbkdf2_sha256$320000$unzJXDjlM6WeIynMcnI99B$H8ktFRzTH/jei2d2vXrf5qvvN8dio+djHHHLZ0ba5dk=',NULL,0,'michelvargas@gmail.com','','','',0,1,'2022-04-04 22:50:12.000000'),(183,'pbkdf2_sha256$320000$gRiPuCKWKvxhIPxGLUMoSk$ea+RtjuCZfkI2kw2AAD09gV0ER4/kr/JrywAR2mfFLY=',NULL,0,'montañoanaya@gmail.com','','','',0,1,'2022-04-04 22:51:13.000000'),(184,'pbkdf2_sha256$320000$LtQch16s4OeGdRcVHoLjGG$Tt5pxIo34hJW6tBXd2pJmwBrb7SanKaDfCgVz8XDs1Y=',NULL,0,'montañomedina@gmail.com','','','',0,1,'2022-04-04 22:51:46.000000'),(185,'pbkdf2_sha256$320000$mOuUcgmX0oMlrL5ZhjyQ9o$m/FgwZIhUkc/zIqNMu69cwI5FmrM0GQO0xhMoHHaybM=',NULL,0,'montañomerida@gmail.com','','','',0,1,'2022-04-04 22:52:17.000000'),(186,'pbkdf2_sha256$320000$krDQc8VhKQYtOIcxV2ADLR$NepK6icb/0G6vBckk9sr1GCkWH7KOs6kN9GLOki0+no=',NULL,0,'montañoquiroga@gmail.com','','','',0,1,'2022-04-04 22:52:50.000000'),(187,'pbkdf2_sha256$320000$VQWsUvTgtuBnUF3W8EpsY9$kLhryEVRVRXM7X3Ui3i/H4KV9PRuH18gIfNGfblo4Tg=',NULL,0,'montecinoschoque@gmail.com','','','',0,1,'2022-04-04 22:53:13.000000'),(188,'pbkdf2_sha256$320000$zgwVLfBtQXjgTUt4ugd0A2$LRLM7qYV8VacvrG6otrzGYRpPNxeefSWDKC3qB4jJSA=',NULL,0,'montenegroterrazas@gmail.com','','','',0,1,'2022-04-04 22:53:43.000000'),(189,'pbkdf2_sha256$320000$X8QnPMFrPgrJs21u2CjZkn$XTn7AtE4nwUwxnGy3fE0yHRB3jOCWlVzOurek9gQKrM=',NULL,0,'monteroguevara@gmail.com','','','',0,1,'2022-04-04 22:54:13.000000'),(190,'pbkdf2_sha256$320000$Hx5lgvZRQdaXg1j8H81feL$7jMOh9mu4WFnL2pvvJa8wHhMulDv+phUUGcA5lz9Tsc=',NULL,0,'montoyaburgos@gmail.com','','','',0,1,'2022-04-04 22:54:37.000000'),(191,'pbkdf2_sha256$320000$6NeoBjDvmR7N5sQiz2oEfr$y9jdgr1+TXYpC2SILu/HqSvqTslL1ngZS1keNDDjrs0=',NULL,0,'moralesmaldonado@gmail.com','','','',0,1,'2022-04-04 22:55:03.000000'),(192,'pbkdf2_sha256$320000$Rkrn8kXozqfQgcFmeX4B1F$I0W7zXdUIQgNPs/I8J4vohI6DNEQR33t1+Y7VQ+nGmM=',NULL,0,'moratogamboa@gmail.com','','','',0,1,'2022-04-04 22:55:26.000000'),(193,'pbkdf2_sha256$320000$TLQjvIEwWRuclLdUsRtSvW$CG748LYxZ+wJkdzMlFTYaMxP5PBs1YCAxC4vQmFL72c=',NULL,0,'moreiracalizaya@gmail.com','','','',0,1,'2022-04-04 22:55:45.000000'),(194,'pbkdf2_sha256$320000$T6DsFqeyxmNvy1LyHYV3L3$eETiBR1ags1PE83iqbZuHKqB8DjQVXeCW88pRQ7XdA0=',NULL,0,'moreirarosas@gmail.com','','','',0,1,'2022-04-04 22:56:17.000000'),(195,'pbkdf2_sha256$320000$N8mCVz6q4rHBpvgeAshKid$/wWZkL8mEggTQ9Smm5EPDzxHKhsUL2YoTg1jK/NZ15w=',NULL,0,'moyaalbarracin@gmail.com','','','',0,1,'2022-04-04 22:57:05.000000'),(196,'pbkdf2_sha256$320000$Tc0Erj1FBvb6zoTQvguGvZ$PJMYCBBcWl5elRhJP6J5Wi8e7JozVuNtkunSxrpBM8Y=',NULL,0,'mullersantacruz@gmail.com','','','',0,1,'2022-04-04 22:57:41.000000'),(197,'pbkdf2_sha256$320000$oAhnyKoHQVoQw55sQUkN6p$/nUM8jQW7DyR4Sph3q5jDOKUNVJtsrhI1e5pMSv3PNU=',NULL,0,'muñozcollazos@gmail.com','','','',0,1,'2022-04-04 22:58:10.000000'),(198,'pbkdf2_sha256$320000$XHZ0z2B957MTyuO91TvuXJ$Kb4Zb6AJ9elkHrUlqwEArZiCUiRSMsXGwzvjTEmqQGU=',NULL,0,'muñozquispe@gmail.com','','','',0,1,'2022-04-04 22:58:28.000000'),(199,'pbkdf2_sha256$320000$He2xGbRAB4ZsDDaFCuawzn$7hXMubtm2aeS1u6mkhx07AS8EXgYaxmrdBVj5qyNScQ=',NULL,0,'muñozvasquez@gmail.com','','','',0,1,'2022-04-04 22:58:46.000000'),(200,'pbkdf2_sha256$320000$qwiLk8sDQkHUVPpbSRTRCP$U4pG2qCz2Wg/wvrqCe12GvqGU32/jyyv/RTvUmJVkoE=',NULL,0,'navarroantezana@gmail.com','','','',0,1,'2022-04-04 22:59:08.000000'),(201,'pbkdf2_sha256$260000$oxhTA8cpfru96sGxmSkKwj$95tEAqrrCXhA9801btmS36cMDw7zojQXasHym5zET8E=','2022-04-18 16:44:40.708328',0,'omonteojalvo@gmail.com','','','',0,1,'2022-04-04 22:59:36.000000'),(202,'pbkdf2_sha256$320000$7ZYYYjniIMbSUA9qtGcIHw$wHzXT265s2G8jRdqS8wS5Yr7OH7y4hoVPFkl9iMm6LQ=',NULL,0,'omonteojalvo2@gmail.com','','','',0,1,'2022-04-04 23:00:03.000000'),(203,'pbkdf2_sha256$320000$5NDYljWF6J2y9csW6H1hQn$o6p6YpSAyJMWEdZi/3wGVr/74W3Gup4ERTB4Y56bgwU=',NULL,0,'oporto@gmail.com','','','',0,1,'2022-04-04 23:04:22.000000'),(204,'pbkdf2_sha256$320000$SD6DiaZX9Gs4agrpYTd6Tr$ouurb+0XqaVnkkkx/B7TOimJVUVNA6voiFhNUgDPqwA=',NULL,0,'ordoñezsalvatierra@gmail.com','','','',0,1,'2022-04-04 23:04:46.000000'),(205,'pbkdf2_sha256$320000$w32gUvd0PViDD53FAyjOG3$LRbL/MvfWGrZs0HKA6RLIZ9LohYONyDnUooDq2fsWrA=',NULL,0,'orellanaaraoz@gmail.com','','','',0,1,'2022-04-04 23:05:09.000000'),(206,'pbkdf2_sha256$320000$IDY8dq5kH46CXNA59LHq23$1Um50T3DW2+iUlAOVDOBhtMs+f1Cdqz6WS36AkRPC/Y=',NULL,0,'orellanajimenez@gmail.com','','','',0,1,'2022-04-04 23:05:43.000000'),(207,'pbkdf2_sha256$320000$awsYfeL8uE0lyual1Nvey7$sX3nWRFWaQS4jru1KMqnedb/zz2fHXxCAXyedxIVibA=',NULL,0,'orsisaldias@gmail.com','','','',0,1,'2022-04-04 23:06:12.000000'),(208,'pbkdf2_sha256$320000$NuNMCxFOi7xHYt9hhjejoJ$Xip6vD7OMminfCDcTzU8X03EgrT9CIi5oPfG5LHKNk0=',NULL,0,'pachecogarcia@gmail.com','','','',0,1,'2022-04-04 23:06:52.000000'),(209,'pbkdf2_sha256$320000$e12qWqdGezWMOLx0ZlWW4T$RuVtWZcdPIwpiyiQbo12hh/cRj7xTAg2hQDe8IemYAM=',NULL,0,'pardoiriarte@gmail.com','','','',0,1,'2022-04-04 23:07:13.000000'),(210,'pbkdf2_sha256$320000$1seDOryNutvXngZ6UfCmcv$0B3bx6uXdLth+KvH9xbSARqsbQKD6Fy4F6iULOu3dLs=',NULL,0,'patiñotito@gmail.com','','','',0,1,'2022-04-04 23:07:31.000000'),(211,'pbkdf2_sha256$320000$uxyYtbEKdt8kii40M4ssxj$4x8p3yjQV+IQn2LGqtPhopCfi5aH2PmiwpVWNeO9wH8=',NULL,0,'peetersilonaa@gmail.com','','','',0,1,'2022-04-04 23:07:55.000000'),(212,'pbkdf2_sha256$320000$F5Jh4LePfCqoMO5DNc08N2$WM8J9L6CiMH/F8jxt87HTd6TE7a5i3jIa5eCgykVvYo=',NULL,0,'perezaparicio@gmail.com','','','',0,1,'2022-04-04 23:08:18.000000'),(213,'pbkdf2_sha256$320000$QRhHfs5rR9YY7ppqJcbV2E$0IH/TMY42VIHblEUr5/7Ddb1UKxcPnSMP1lowC6qUvc=',NULL,0,'perezcespedes@gmail.com','','','',0,1,'2022-04-04 23:09:01.000000'),(214,'pbkdf2_sha256$320000$brjxY1W6SkJSq5jUqEBD9N$DQ9peqb13PpvqGgAeHcI8vrQ+g9N2j5ZMlOwR9j9rRc=',NULL,0,'perezchacon@gmail.com','','','',0,1,'2022-04-04 23:09:19.000000'),(215,'pbkdf2_sha256$320000$OPjjroLG2X1BZe5ES7b4YF$Cy6apcgFluxR9ddK4vJNECVvRgB1TR9EoJfa0KKuw44=',NULL,0,'perezfuentes@gmail.com','','','',0,1,'2022-04-04 23:09:43.000000'),(216,'pbkdf2_sha256$320000$wflnxt1v126Kbtyra35m2s$aISDVEAHeyA2Q8Q6g+LQbXCU/wR9Bnm/+4NlE08aL4U=',NULL,0,'perezparra@gmail.com','','','',0,1,'2022-04-04 23:10:02.000000'),(217,'pbkdf2_sha256$320000$CwRia6pfF525M33kDNdkId$Ji4sHZHGp6lN0nVCaPhJ8ScCN/bA5NMMliesIq8/TFc=',NULL,0,'perezperedo@gmail.com','','','',0,1,'2022-04-04 23:10:22.000000'),(218,'pbkdf2_sha256$320000$OTg6h9frTwQYyUwz9uqdgp$yXM/O7+vT/cyIVcKYCG2nwojr47glv2gvbgttBJkPXE=',NULL,0,'perezrea@gmail.com','','','',0,1,'2022-04-04 23:11:23.000000'),(219,'pbkdf2_sha256$320000$pe0s4uUn7GJ3mDndFn9RRw$M5D7nbIVJ9qqaGSxnCDow5nX4aj2JtReQp4vFSrqCOg=',NULL,0,'perezzubieta@gmail.com','','','',0,1,'2022-04-04 23:11:48.000000'),(220,'pbkdf2_sha256$320000$DzhMnXU6sf4M8LWXEitM4o$TY3uULxlHRhI5WDJYqMWXfavZVS5eTqa10GIN4qdcBQ=',NULL,0,'periconbalderrama@gmail.com','','','',0,1,'2022-04-04 23:12:14.000000'),(221,'pbkdf2_sha256$320000$2kbR3XP0RHDLLGkTUSZh00$t5ZIKhBMrRsBG/QDKa5+5j4pXw3VwgLp+uUYxutJp8A=',NULL,0,'poncedelleon@gmail.com','','','',0,1,'2022-04-04 23:12:42.000000'),(223,'pbkdf2_sha256$320000$oXZHTU9jtgvaTuiICrZ06m$LLoqF98CCLN3fR/gc0uMmvfifXt2s22M1cf29sv4tUc=',NULL,0,'quillaguaman@gmail.com','','','',0,1,'2022-04-05 00:02:30.000000'),(224,'pbkdf2_sha256$320000$7i4kLQvHb8bHWuuvDwlO0d$LZG7txguESty0FkJP4b+Oiq8og6/goHxEY4iYU6lbzU=',NULL,0,'quirozchavez@gmail.com','','','',0,1,'2022-04-05 00:03:26.000000'),(225,'pbkdf2_sha256$320000$tfAWUstqoaZlLbnIw2he9T$uHQrWCGVo4uNW+dnMGQQNyVig9gl61hdC+DIwd11DAk=',NULL,0,'pelospaco@gmail.com','','','',0,1,'2022-04-05 00:06:16.000000'),(226,'pbkdf2_sha256$320000$4BY5AFSvph2PX3J7a2X2c6$7OHxLb2pZS122j9aR7UNNAfeYlBM3khHLvVr9sAWOFE=',NULL,0,'revolloteran@gmail.com','','','',0,1,'2022-04-05 00:06:44.000000'),(227,'pbkdf2_sha256$320000$POie1jaK7SsCNBb6Y7iEnY$sZC+gFujJSW6fgrRF6YXjA/7bTdyL0I7vHUUSo5ni5M=',NULL,0,'riojacardenas@gmail.com','','','',0,1,'2022-04-05 00:07:20.000000'),(228,'pbkdf2_sha256$320000$8taZIYIrybx7mfIIjrC4ul$i7IoenLuvxJ2I2GzdTa6bN1zDDscVQ3oZN3SvwXP5To=',NULL,0,'riosdelprado@gmail.com','','','',0,1,'2022-04-05 00:09:38.000000'),(229,'pbkdf2_sha256$320000$p1DZeeu8V4isrrDGrWqy3j$Jm9GwNtQxo+JlGOIlCmBUhHm2VNoawQ+WwV6RMMQWBc=',NULL,0,'riverolujan@gmail.com','','','',0,1,'2022-04-05 00:09:59.000000'),(230,'pbkdf2_sha256$320000$LDmsIyAkCa3T03MDi3hH6i$SXWBIU+dv03aky2xu7OQ/6LUwentQbKODgTY8GTyNh0=',NULL,0,'rocasubirana@gmail.com','','','',0,1,'2022-04-05 00:10:23.000000'),(231,'pbkdf2_sha256$320000$WzuXkBJnkoURtEumRA9KfY$pdYo9/gTmiPgZ7It8fk6bRe1fTZBHxiW8zOlf9IX1Og=',NULL,0,'rochacuadros@gmail.com','','','',0,1,'2022-04-05 00:10:42.000000'),(232,'pbkdf2_sha256$320000$wFhfo37EpEWKtH3JD9rkxc$zwN2Zuoe0S5Jd5W4YcSj3AzX+OnF0IntZFxqmMRFM0M=',NULL,0,'rochamaldonado@gmail.com','','','',0,1,'2022-04-05 00:11:06.000000'),(233,'pbkdf2_sha256$320000$98Bfe0RP1NeArqRMZ9n4TS$96YFyKeuSH7Y13msikredQ4C/lKJtgZ+GgYBWe6DuAE=',NULL,0,'rochatriveño@gmail.com','','','',0,1,'2022-04-05 00:12:00.000000'),(234,'pbkdf2_sha256$320000$kHl4TWI2tqJHm04ktSVRIE$7dQdtDwvOb3SRnq7pXYWgx3sDqALAR+NcnVrLTZwNVY=',NULL,0,'rodriguezbilbao@gmail.com','','','',0,1,'2022-04-05 00:16:35.000000'),(235,'pbkdf2_sha256$320000$spFisQsHXKFWSFISlCFnob$FGZS1AqSI35dkVpUS1KpzATmbm2ZwyjMLJN1anCE1rM=',NULL,0,'rodriguezostria@gmail.com','','','',0,1,'2022-04-05 00:16:55.000000'),(236,'pbkdf2_sha256$320000$JWV8OHxjvbBm89E32goYJj$obHsBvntLxn1s5APzNy7WdBaSmsLRvCElcD0HPqWDaw=',NULL,0,'rodriguezramirez@gmail.com','','','',0,1,'2022-04-05 00:17:13.000000'),(237,'pbkdf2_sha256$320000$RonONmk5WKet5hCBnVJ0eK$xUhnJGwT2U5SEbegIB7bdByyZ9vegz/aUrue8e3GMPs=',NULL,0,'rodriguezroca@gmail.com','','','',0,1,'2022-04-05 00:17:36.000000'),(238,'pbkdf2_sha256$320000$KAo1XFEVMITE4BVGGVon6m$mwa6PbcBbaRdsofxfz4hQeVQ2X5kmvzAXbVvWIPKnJ8=',NULL,0,'rodriguezsejas@gmail.com','','','',0,1,'2022-04-05 00:17:55.000000'),(239,'pbkdf2_sha256$320000$5kTVATLh7xGq2MRkTe5HzR$IRY5WoMCGW17ahJ00Kre8wVTqaBMmrin4AlnwwxICTI=',NULL,0,'rodriguezsoriano@gmail.com','','','',0,1,'2022-04-05 00:18:16.000000'),(240,'pbkdf2_sha256$320000$xTgMc8pXXlMH1Nq1KdSJFt$f5Joa8kpovgnBaCoL57r+/Vy98kjrIPwz12Th+Vdry4=',NULL,0,'rojasarnez@gmail.com','','','',0,1,'2022-04-05 00:18:36.000000'),(241,'pbkdf2_sha256$320000$AMawjsYWvb3fo7GMlwgyqi$85eOhv06NMlJPFVJbxc1I0pBamdiYXdlEVA51cHOFh0=',NULL,0,'rojascespedes@gmail.com','','','',0,1,'2022-04-05 00:19:04.000000'),(242,'pbkdf2_sha256$320000$Tmy14r9TfkPw774Z87LYby$yrftfwqk7APNXfmEajNPuck8V3P9jRekyAG/vvo+oAc=',NULL,0,'rojasmichaga@gmail.com','','','',0,1,'2022-04-05 00:19:27.000000'),(243,'pbkdf2_sha256$320000$MHAGjCOeJCb0pwFdylk60c$CFawgd7iI37Qrn98w5Y0fGUXHLrJExo7ERfbC9uGtOc=',NULL,0,'rojassalinas@gmail.com','','','',0,1,'2022-04-05 00:19:58.000000'),(244,'pbkdf2_sha256$320000$fME8AUWcYjFbHhOxLncOOS$XDKTjlsDo+aY0r7sksJnrccCxUwL9q9/m8hDuulKAwk=',NULL,0,'rojaszurita@gmail.com','','','',0,1,'2022-04-05 00:27:03.000000'),(245,'pbkdf2_sha256$320000$d6Kn0R3Gdeeg3924Z4sl5B$WF06mp9O6V/oxg32pEEhWwhkELS7gqDUywD006YMqdM=',NULL,0,'romanarispe@gmail.com','','','',0,1,'2022-04-05 00:27:28.000000'),(246,'pbkdf2_sha256$320000$zupzDUQP1dx5MxIDdwCZma$PmQTViLOYFuwJQddsqnJyH/PFD1wILjktpeflOIzJNE=',NULL,0,'romeroencinas@gmail.com','','','',0,1,'2022-04-05 00:27:54.000000'),(247,'pbkdf2_sha256$320000$atmQwGyWKTpyEmnJkknITX$mkY5ClWIJ2Dlu7kWEbP+DxPpqfprKRDamzG+5Sad5k4=',NULL,0,'romerojaldin@gmail.com','','','',0,1,'2022-04-05 00:28:14.000000'),(248,'pbkdf2_sha256$320000$wRWNNdU0b83XnjAt5Bfd3J$h4elw4XhPhysTOuQiuIb+bUEYyo1kyVL6XtVSxUxfZI=',NULL,0,'romerorodriguez@gmail.com','','','',0,1,'2022-04-05 00:28:32.000000'),(249,'pbkdf2_sha256$320000$Un00l5wOcptFTls2238N0X$gLg+pohiH+8bRyRqHKwj5sfcJVCRXW2OmLOUgfsxgUQ=',NULL,0,'ruizbetancur@gmail.com','','','',0,1,'2022-04-05 00:28:57.000000'),(250,'pbkdf2_sha256$320000$DXe38vZ6NeHMARmgu2Xk1v$EdJbdIHWfG6y+hRJmMRTN+7v5qpqtPLZHab99gMsapQ=',NULL,0,'ruizucumari@gmail.com','','','',0,1,'2022-04-05 00:29:22.000000'),(251,'pbkdf2_sha256$320000$QapyiXFibfME5FSEr6UO9Z$avOa7/EPd9b84Z90dv2TxbCovGRZ71Y8vLxzcZYeMi4=',NULL,0,'saavedraantezana@gmail.com','','','',0,1,'2022-04-05 00:29:50.000000'),(252,'pbkdf2_sha256$320000$FNGLsUpfR7oaCEMyLQG47s$S5Bw6vx8KftQTVNBKDR6GhZgA9sLyuFjItDn6nN0/+I=',NULL,0,'sacaventura@gmail.com','','','',0,1,'2022-04-05 00:30:08.000000'),(253,'pbkdf2_sha256$320000$lTxPebT5j6a4wROSfhxM7D$w6MHNw2jOacqFrSQuY0SUKe+gIwRbM2yVFw2DCmajXE=',NULL,0,'sahoneroirahola@gmail.com','','','',0,1,'2022-04-05 00:30:35.000000'),(254,'pbkdf2_sha256$320000$xyOEf6IhELIPYnt8rflK2u$8bT9TLVqVZFtM/9dZ3vi7bDmPE534ks/TgOnoPk9tbo=',NULL,0,'salazaranaya@gmail.com','','','',0,1,'2022-04-05 00:31:44.000000'),(255,'pbkdf2_sha256$320000$Lh99TBoP8mqOcIwXc3fqnu$e/lEva8reEmyNEpCmdZWb/9nymF5G3q4X+nfInn64Gc=',NULL,0,'salazarserrudo@gmail.com','','','',0,1,'2022-04-05 00:32:03.000000'),(256,'pbkdf2_sha256$320000$Sb0N5uW7l8ji2lV92gDLHW$x+W+bKJZ90gLEeuSG/mOobyMNP1MVExSm6ark/XZRbs=',NULL,0,'salinaspereira@gmail.com','','','',0,1,'2022-04-05 00:32:32.000000'),(257,'pbkdf2_sha256$320000$qLzLieeg5kyUhKPQITjaCV$s553FvX9Lt2cQBrU/TCKDwR8GIp5F28wfMue7GyFoLw=',NULL,0,'salinaspericon@gmail.com','','','',0,1,'2022-04-05 00:32:56.000000'),(258,'pbkdf2_sha256$320000$4G4081dBeCNtPm1GZ4aecA$gDMmp81URIMsoDKvKGG9/4At+cSUZCxO2g3mPhA0pVo=',NULL,0,'saramaniaguilar@gmail.com','','','',0,1,'2022-04-05 00:33:25.000000'),(259,'pbkdf2_sha256$320000$r7IEAsnIa2l28Ev4hQJzC4$yoNn5u4TTPAxWq44PxMpHcw3H70fEfYucp7Cd0qQydQ=',NULL,0,'sarmientofranco@gmail.com','','','',0,1,'2022-04-05 00:33:42.000000'),(260,'pbkdf2_sha256$320000$WTjxhpXdGmc92dzsPgPQLW$7t+oUtbFdO17TchKEowK4YVjZRoPhhZQV4tdZWCzmlk=',NULL,0,'severichechacon@gmail.com','','','',0,1,'2022-04-05 00:34:06.000000'),(261,'pbkdf2_sha256$320000$Psmr1Yqd3eFNBJzhy5tgie$0k/yd8HjCF48ea1JlHe4maSD2tpK+4oEzPs3HFBYTC0=',NULL,0,'shitikovgagarina@gmail.com','','','',0,1,'2022-04-05 00:34:28.000000'),(262,'pbkdf2_sha256$320000$pjdOQAqyUAfeDiV9FWH4PZ$5Zh+dtODZV/sSN6mO7U/q2p4d6bKHTff35pEzutvQDs=',NULL,0,'solizmartinez@gmail.com','','','',0,1,'2022-04-05 00:34:47.000000'),(263,'pbkdf2_sha256$320000$XJppsE2gAdKYWTfzmxqinl$Lw44CrtErQCOaNhZMhVX8JfDsP/LgdcyjXYDw8dH9vA=',NULL,0,'sorucomaita@gmail.com','','','',0,1,'2022-04-05 00:35:14.000000'),(264,'pbkdf2_sha256$320000$pg7wdAwWPh1NTeOAzrXHBv$bjXASgdUpBLb2RHxY7EfuBvFpTwgRWGbt3kM9d1aKqk=',NULL,0,'sotomoreira@gmail.com','','','',0,1,'2022-04-05 00:35:59.000000'),(265,'pbkdf2_sha256$320000$kPJcdulKAkgOSGqHZ467gD$fgxoYyvpRZMdWJasBfIU50SuAH08Tl8T7BuEzdJKJjI=',NULL,0,'sotosoliz@gmail.com','','','',0,1,'2022-04-05 00:36:18.000000'),(266,'pbkdf2_sha256$320000$dkJJQ3m0VU8gqynwDe3dM8$nQ+2WhDTeY5wh9L371eGpBLJvqRp9zN/FCdBk/BAjOE=',NULL,0,'suarezsuarez@gmail.com','','','',0,1,'2022-04-05 00:36:38.000000'),(267,'pbkdf2_sha256$320000$CAcqzHoriUoDyaim7jUJPA$mSxKPdCNROpc0cjLIbgZ+vdpU0welmWMPZuWJxRq2M8=',NULL,0,'taborgaacha@gmail.com','','','',0,1,'2022-04-05 00:37:12.000000'),(268,'pbkdf2_sha256$320000$SBAtkMFpuedDWUBs7rDaZ0$msmBGzuujK1LXlKD0czClZIdTIM+HuMtdp+wl8yVtHk=',NULL,0,'tancarasandagorda@gmail.com','','','',0,1,'2022-04-05 00:37:31.000000'),(269,'pbkdf2_sha256$320000$X2o2p2om8WehKHMxlBGyAG$eIe0risHCOLbwEzhbX+bIALtFkKTKSbJI1GTA7i1rjU=',NULL,0,'taylorterrazas@gmail.com','','','',0,1,'2022-04-05 00:37:54.000000'),(270,'pbkdf2_sha256$320000$uhILaspTBlmhRD9zSS17Qf$nuPWypp7HSdoKPXDd8oDv+4QKc9ux+ZL5hzf7eFDVhw=',NULL,0,'teranaiza@gmail.com','','','',0,1,'2022-04-05 00:38:16.000000'),(271,'pbkdf2_sha256$320000$ZHnqjqX1fjupP8iCtVpcq3$FtrdPBVQpx5wHgEuxkW2YSrrWC1vno/csFaZ4EESQIA=',NULL,0,'terrazaslobo@gmail.com','','','',0,1,'2022-04-05 00:38:36.000000'),(272,'pbkdf2_sha256$320000$MqxuwuN3LAjI4b0XaRISPu$ygzhwy0IblF3QslqzyLt9Usf1rK/hQTU825HPlmYDHM=',NULL,0,'terrazasmaldonado@gmail.com','','','',0,1,'2022-04-05 00:39:00.000000'),(273,'pbkdf2_sha256$320000$DiioL7BzNPyt2jgihppdeT$Bmzw4BZh8xuE8GA2phrcTnP67Dmpc7YT9nI50aY/Uo8=',NULL,0,'terrazasvargas@gmail.com','','','',0,1,'2022-04-05 00:39:25.000000'),(274,'pbkdf2_sha256$320000$OHVNQX7JvRFq7BsMLkbQpZ$2hzUYPu8VRHbk7/IyEwpxHBEY/7uKIrvTXoU2BFcwGY=',NULL,0,'torrejonrocabado@gmail.com','','','',0,1,'2022-04-05 00:39:44.000000'),(275,'pbkdf2_sha256$320000$hhX44gXlordlJ7MFxFfOHp$wQktmbRqzW6DJnu0l7DJQTHVN44OVsG6fIt82IFHVck=',NULL,0,'torresnavarro@gmail.com','','','',0,1,'2022-04-05 00:40:06.000000'),(276,'pbkdf2_sha256$320000$oJxD7yAKRezRPU52Y8Ulqd$Kr+GnU+kbV0LXA3sUGkkxCHwXoz1/dFzxFIBY/Hh3Qw=',NULL,0,'torrezpelaez@gmail.com','','','',0,1,'2022-04-05 00:40:28.000000'),(277,'pbkdf2_sha256$320000$HpmHu4Qj6s6A5FbI4fCgca$svLoEEb0A9dB5VEaD5wI4GtQOYZBqum8HcD8XsQKUTg=',NULL,0,'torrezquiteros@gmail.com','','','',0,1,'2022-04-05 00:40:49.000000'),(278,'pbkdf2_sha256$320000$jXjTVgqHbmfItQbjKN5hbL$VNUtHO93k7UtTGVPKsjyO/ZjhMCIdGWrb3ZKFsvU/I0=',NULL,0,'torricobarron@gmail.com','','','',0,1,'2022-04-05 00:41:09.000000'),(279,'pbkdf2_sha256$320000$veOcTKOgwHD3SlosrGcHBW$pijRkY4VBtVlw9Yam7peDuUKOprDYOs5sra271bMXFM=',NULL,0,'torricobascope@gmail.com','','','',0,1,'2022-04-05 00:41:45.000000'),(280,'pbkdf2_sha256$320000$pwxGqrt1sNGaAGuyn2VC8E$Z85V/heAdMw3bvYJgl/gajZAzlz7sARHf+PEHO2X3E0=',NULL,0,'torricomejia@gmail.com','','','',0,1,'2022-04-05 00:42:04.000000'),(281,'pbkdf2_sha256$320000$XiCwi7D4MTrnxx6kLyoVIq$krZVDiQBfZAi3dl1+Ylkc49JTUS4K9fdJVU7E7R46M4=',NULL,0,'torricotroche@gmail.com','','','',0,1,'2022-04-05 00:42:34.000000'),(282,'pbkdf2_sha256$320000$PiMU3QQyk5lrhxZJ8aks2l$Re4/2+qMuSUwcKOt09/dM9a2gyrK5BH7VfX4Ta27oOI=',NULL,0,'torricovallejos@gmail.com','','','',0,1,'2022-04-05 00:42:55.000000'),(283,'pbkdf2_sha256$320000$oJ7tQvBu7n0Zuv7Hs6Im9g$GGta/SiP1V1xjBwNUKlwpO3jOKEhKlPclWjv7Wo/jCw=',NULL,0,'trigorocha@gmail.com','','','',0,1,'2022-04-05 00:43:19.000000'),(284,'pbkdf2_sha256$320000$ksF5zghp5YB35sGMJIdh1a$4Q2ue9vspTrWTyBdMiNIiB09voc7/c8iwZ5PeAYvPbA=',NULL,0,'trivenoherrera@gmail.com','','','',0,1,'2022-04-05 00:43:58.000000'),(285,'pbkdf2_sha256$320000$HqFh4pcmA6JrvDzfaH4R5O$ih/4CaiD+PgIJQJgLU7Q/1yoXUfIsW7sPiLdb7fmnY4=',NULL,0,'trujilloaranibar@gmail.com','','','',0,1,'2022-04-05 00:44:16.000000'),(286,'pbkdf2_sha256$320000$buEqu3voL0s6QFJ84bOzcD$0vAfRLJQl56EWtUu7FAqWUoWkbUt3P0cA+N8Cj5gdaU=',NULL,0,'ugartecejas@gmail.com','','','',0,1,'2022-04-05 00:44:35.000000'),(287,'pbkdf2_sha256$320000$Kt1U13Vvi7KRYIiWq1v5cm$1DSV/Dpma0G2Rd374KRm4B3EvBHtBtKEHCNyjRuoukE=',NULL,0,'ureñaperez@gmail.com','','','',0,1,'2022-04-05 00:44:56.000000'),(288,'pbkdf2_sha256$320000$fMnVj4scig6u61QTCGgv8I$OAqEg85WUgmj/6yQB333EE0Y7JGuGYnyT9N1egIu6W4=',NULL,0,'ureycontreras@gmail.com','','','',0,1,'2022-04-05 00:45:21.000000'),(289,'pbkdf2_sha256$320000$A5zj78aCL6Zpjn3UAi8H5s$YbdyYakCZ1nYSStQk3x13RMQoXEMaG8403bL4kHHhFw=',NULL,0,'urrutiamedrano@gmail.com','','','',0,1,'2022-04-05 00:45:48.000000'),(290,'pbkdf2_sha256$320000$iBdb5zEyVFiHoPBDO4QVW8$2kV9TILKjAEAPmQdLl15sIF/8X8s+9QsEKnXAOsrFjk=',NULL,0,'urrutiazelada@gmail.com','','','',0,1,'2022-04-05 00:46:05.000000'),(291,'pbkdf2_sha256$320000$8STFhagSVIUJjAd7iL6L4s$S6GTs84gerpTGrcBVxWWfjKPwyUZfnSYzxeITt4XcQ0=',NULL,0,'ustarizaramayo@gmail.com','','','',0,1,'2022-04-05 00:46:28.000000'),(292,'pbkdf2_sha256$320000$rvX5dM7JW8hYoNTJOBmoup$7KOISatjEMGGppdFmcRLivhAa2uT60yWIZlO5XOL2fo=',NULL,0,'ustarisvargas@gmail.com','','','',0,1,'2022-04-05 00:46:50.000000'),(293,'pbkdf2_sha256$320000$bLHV5SApLUU4fxsdSWhoEe$cjl0LhZN4UADwNT/ydy93zweUmkNa1ZCll4NLHK97Ug=',NULL,0,'valenzuelamiranda@gmail.com','','','',0,1,'2022-04-05 00:47:10.000000'),(294,'pbkdf2_sha256$320000$wjQerfSfk1NQhqQyiksJXW$nq/BQr8wy6PSyKd5yOv6BqrnwxEnznt/liAamvB6nNg=',NULL,0,'vallejocamacho@gmail.com','','','',0,1,'2022-04-05 00:47:36.000000'),(295,'pbkdf2_sha256$320000$uMWG5skIx6d2QbqbXZJ9vM$2JEhJlJLd8sbikgBGSPk6Y8oBBKQaqKuFC3jTvJRzQc=',NULL,0,'vargasantezana@gmail.com','','','',0,1,'2022-04-05 00:47:53.000000'),(296,'pbkdf2_sha256$320000$lE91GOzOzavy3WMCTMRNpS$XWGbIIEIRt+Ky1FCjQRMFzKlFQCDrnVsQZTNxWErhEA=',NULL,0,'vargascolque@gmail.com','','','',0,1,'2022-04-05 00:48:14.000000'),(297,'pbkdf2_sha256$320000$Il1CjGlBjqtgjbVeM3vjkF$8ycesr/p/4gC74fqwS8yUBTHgAf56CZvGWWoV68TtL0=',NULL,0,'vargasperedo@gmail.com','','','',0,1,'2022-04-05 00:48:34.000000'),(298,'pbkdf2_sha256$320000$zhR6BuBUC3pTgGGdygQ26Y$A5oQaNWo06wkYSZwAzGZdG2TJCKq/Xhr3P4XM355188=',NULL,0,'vargasquiroz@gmail.com','','','',0,1,'2022-04-05 00:48:53.000000'),(299,'pbkdf2_sha256$320000$I79C0Azw8hUsxMksUixYzY$zwZRkcHo+yAk7Jdk0itB0AKu3cB7dUS8aSDqidwP72M=',NULL,0,'vargasreinaga@gmail.com','','','',0,1,'2022-04-05 00:49:16.000000'),(300,'pbkdf2_sha256$320000$ObQEPIYNJnLiEuu32Vnt4P$5HJmVzxdsrsQ1qrquU//N1YIcwQ+F+lZAzHf7+WPxQE=',NULL,0,'vargasvallejos@gmail.com','','','',0,1,'2022-04-05 00:49:35.000000'),(301,'pbkdf2_sha256$320000$GpGHYkbT1wUII0yKkQOf3i$UsASZivd0lMAt/6Rc4MAA50mIwQ+kwPpycDl64dgPCY=',NULL,0,'vasquezcarrillo@gmail.com','','','',0,1,'2022-04-05 00:49:57.000000'),(302,'pbkdf2_sha256$320000$OPnTHHLh5lU2vRGifFmVN5$zQzp88HFGS0q9YCEw8smjikACHjWdPwXPn1fwsd0Cjk=',NULL,0,'vegaalfaro@gmail.com','','','',0,1,'2022-04-05 00:50:18.000000'),(303,'pbkdf2_sha256$320000$anCksgN5LWAFPkqDmtRSHL$wBrB1NFCa7MChbzbddK28kKrjLvJ8ygDdrhQWQb2d5w=',NULL,0,'veracortes@gmail.com','','','',0,1,'2022-04-05 00:50:46.000000'),(304,'pbkdf2_sha256$320000$wBP20UHtqGSnBslYIxBKpi$UYz3DSRlwGee44j5dP+ZT+nybPiWVsWnU1R0ZnHo5Z4=',NULL,0,'vilasecagamarra@gmail.com','','','',0,1,'2022-04-05 00:51:24.000000'),(305,'pbkdf2_sha256$320000$WuPqvO9ar65FZHjGcd7yO6$HKdnkxp2/QI8B07WaAj7wFed3BGM7+jYNv2goJtrkzE=',NULL,0,'villaroel@gmail.com','','','',0,1,'2022-04-05 00:51:44.000000'),(306,'pbkdf2_sha256$320000$bhVCdQUDnE0VPXNPXz5pB8$l3W0KPeDan5IncfsakOQkMk9EQ3ZVw8I01DEUCgHPXg=',NULL,0,'villaroelnovillo@gmail.com','','','',0,1,'2022-04-05 00:52:08.000000'),(307,'pbkdf2_sha256$320000$sR5apcPb5qzCMtRPfMBDjd$70BeMzqfWp/sp/R2cz83CNgMA1U37Mk6AxW/5Y/FFXQ=',NULL,0,'villaroeltapia@gmail.com','','','',0,1,'2022-04-05 00:52:29.000000'),(308,'pbkdf2_sha256$320000$FCn4FjjGjjgwW21cZSkwnG$HFF3M4Y7L7LkI44os6CLgnsYjnh5n1r9BwiBeU6uB08=',NULL,0,'villazongomez@gmail.com','','','',0,1,'2022-04-05 00:52:51.000000'),(309,'pbkdf2_sha256$320000$eHIta8gcvwI8KNgrJCKlGs$P2SXnyI3HbMhlJe3tFrYjXe9LSPU/IScINK4RlDxlVo=',NULL,0,'villazonrocha@gmail.com','','','',0,1,'2022-04-05 00:53:10.000000'),(310,'pbkdf2_sha256$320000$ftVdRCAAHZIW1mJNVCaUKm$EVN8jjSz+Z7sQOXUHvOFaN+9YNU3xcXQe+gvlrDRS3Q=',NULL,0,'viscarravargas@gmail.com','','','',0,1,'2022-04-05 00:53:30.000000'),(311,'pbkdf2_sha256$320000$pGqwD8XOkI8SSGjVzVWr7r$SnMuyecxsszRAhEAKakHvthPd2+O6fdWjlcjTb00VXc=',NULL,0,'zabalagamontaño@gmail.com','','','',0,1,'2022-04-05 00:53:48.000000'),(312,'pbkdf2_sha256$320000$z19fiumNJ9ANU6XhLybqvi$v0WkZuYTKFlBm2sHAd+U1rbP8trOHx7TmI/uJ1nVGls=',NULL,0,'zallesmedrano@gmail.com','','','',0,1,'2022-04-05 00:54:16.000000'),(313,'pbkdf2_sha256$320000$paubIwkFKVLH0pQtnwmNJZ$dzyFdLeWo7iqB4CJpJ7waR7yukjptzagmV3lopEHV/U=',NULL,0,'zambranaburgos@gmail.com','','','',0,1,'2022-04-05 00:54:36.000000'),(314,'pbkdf2_sha256$320000$11p7N1kEU6Hf065AC66Wn2$VZGL9hYQnD6II6aooF5/Wujmf+AhALTyH2otaw4Xc8I=',NULL,0,'zambranamontan@gmail.com','','','',0,1,'2022-04-05 00:54:56.000000'),(315,'pbkdf2_sha256$320000$Qc943Mkd1V8CuFRdESkFeO$3n/oI6m59KF2PUtVkFUEepSico5hDusfKbx3habe8rY=',NULL,0,'zambranavilar@gmail.com','','','',0,1,'2022-04-05 00:55:20.000000'),(316,'pbkdf2_sha256$320000$OlCTnRuQPN00CfbTVpA6V7$0K+sCDyuOSFIC7zXp9NaaHHlfdICLTjHmPRJLNqncd4=',NULL,0,'zapataschltze@gmail.com','','','',0,1,'2022-04-05 00:55:42.000000'),(317,'pbkdf2_sha256$320000$JNCQRv5T32vYQ8dPdldzc6$6kW+hYNt6mKATh+dOLebfKU+2CerECoWcFaZ/PTbMU8=',NULL,0,'zegarradorado@gmail.com','','','',0,1,'2022-04-05 00:56:00.000000'),(318,'pbkdf2_sha256$320000$A9GRnAWDmN8OTuAnE3JOlj$5tz+k/nEAIB7mPHmTyR7hhf0XJwXCT8TGehcsYF0dHg=',NULL,0,'zuritaorellana@gmail.com','','','',0,1,'2022-04-05 00:56:58.000000');
/*!40000 ALTER TABLE `auth_user` ENABLE KEYS */;
UNLOCK TABLES;

--
-- Table structure for table `auth_user_groups`
--

DROP TABLE IF EXISTS `auth_user_groups`;
/*!40101 SET @saved_cs_client     = @@character_set_client */;
/*!50503 SET character_set_client = utf8mb4 */;
CREATE TABLE `auth_user_groups` (
  `id` bigint NOT NULL AUTO_INCREMENT,
  `user_id` int NOT NULL,
  `group_id` int NOT NULL,
  PRIMARY KEY (`id`),
  UNIQUE KEY `auth_user_groups_user_id_group_id_94350c0c_uniq` (`user_id`,`group_id`),
  KEY `auth_user_groups_group_id_97559544_fk_auth_group_id` (`group_id`),
  CONSTRAINT `auth_user_groups_group_id_97559544_fk_auth_group_id` FOREIGN KEY (`group_id`) REFERENCES `auth_group` (`id`),
  CONSTRAINT `auth_user_groups_user_id_6a12ed8b_fk_auth_user_id` FOREIGN KEY (`user_id`) REFERENCES `auth_user` (`id`)
) ENGINE=InnoDB DEFAULT CHARSET=utf8mb4 COLLATE=utf8mb4_0900_ai_ci;
/*!40101 SET character_set_client = @saved_cs_client */;

--
-- Dumping data for table `auth_user_groups`
--

LOCK TABLES `auth_user_groups` WRITE;
/*!40000 ALTER TABLE `auth_user_groups` DISABLE KEYS */;
/*!40000 ALTER TABLE `auth_user_groups` ENABLE KEYS */;
UNLOCK TABLES;

--
-- Table structure for table `auth_user_user_permissions`
--

DROP TABLE IF EXISTS `auth_user_user_permissions`;
/*!40101 SET @saved_cs_client     = @@character_set_client */;
/*!50503 SET character_set_client = utf8mb4 */;
CREATE TABLE `auth_user_user_permissions` (
  `id` bigint NOT NULL AUTO_INCREMENT,
  `user_id` int NOT NULL,
  `permission_id` int NOT NULL,
  PRIMARY KEY (`id`),
  UNIQUE KEY `auth_user_user_permissions_user_id_permission_id_14a6b632_uniq` (`user_id`,`permission_id`),
  KEY `auth_user_user_permi_permission_id_1fbb5f2c_fk_auth_perm` (`permission_id`),
  CONSTRAINT `auth_user_user_permi_permission_id_1fbb5f2c_fk_auth_perm` FOREIGN KEY (`permission_id`) REFERENCES `auth_permission` (`id`),
  CONSTRAINT `auth_user_user_permissions_user_id_a95ead1b_fk_auth_user_id` FOREIGN KEY (`user_id`) REFERENCES `auth_user` (`id`)
) ENGINE=InnoDB DEFAULT CHARSET=utf8mb4 COLLATE=utf8mb4_0900_ai_ci;
/*!40101 SET character_set_client = @saved_cs_client */;

--
-- Dumping data for table `auth_user_user_permissions`
--

LOCK TABLES `auth_user_user_permissions` WRITE;
/*!40000 ALTER TABLE `auth_user_user_permissions` DISABLE KEYS */;
/*!40000 ALTER TABLE `auth_user_user_permissions` ENABLE KEYS */;
UNLOCK TABLES;

--
-- Table structure for table `axes_accessattempt`
--

DROP TABLE IF EXISTS `axes_accessattempt`;
/*!40101 SET @saved_cs_client     = @@character_set_client */;
/*!50503 SET character_set_client = utf8mb4 */;
CREATE TABLE `axes_accessattempt` (
  `id` int NOT NULL AUTO_INCREMENT,
  `user_agent` varchar(255) NOT NULL,
  `ip_address` char(39) DEFAULT NULL,
  `username` varchar(255) DEFAULT NULL,
  `http_accept` varchar(1025) NOT NULL,
  `path_info` varchar(255) NOT NULL,
  `attempt_time` datetime(6) NOT NULL,
  `get_data` longtext NOT NULL,
  `post_data` longtext NOT NULL,
  `failures_since_start` int unsigned NOT NULL,
  PRIMARY KEY (`id`),
  UNIQUE KEY `axes_accessattempt_username_ip_address_user_agent_8ea22282_uniq` (`username`,`ip_address`,`user_agent`),
  KEY `axes_accessattempt_ip_address_10922d9c` (`ip_address`),
  KEY `axes_accessattempt_user_agent_ad89678b` (`user_agent`),
  KEY `axes_accessattempt_username_3f2d4ca0` (`username`),
  CONSTRAINT `axes_accessattempt_chk_1` CHECK ((`failures_since_start` >= 0))
) ENGINE=InnoDB AUTO_INCREMENT=2 DEFAULT CHARSET=utf8mb4 COLLATE=utf8mb4_0900_ai_ci;
/*!40101 SET character_set_client = @saved_cs_client */;

--
-- Dumping data for table `axes_accessattempt`
--

LOCK TABLES `axes_accessattempt` WRITE;
/*!40000 ALTER TABLE `axes_accessattempt` DISABLE KEYS */;
INSERT INTO `axes_accessattempt` VALUES (1,'Mozilla/5.0 (Windows NT 10.0; Win64; x64) AppleWebKit/537.36 (KHTML, like Gecko) Chrome/100.0.4896.88 Safari/537.36','127.0.0.1','omonteojalvo@gmail.com','text/html,application/xhtml+xml,application/xml;q=0.9,image/avif,image/webp,image/apng,*/*;q=0.8,application/signed-exchange;v=b3;q=0.9','/login/','2022-04-14 23:49:41.984792','','csrfmiddlewaretoken=l1rtMCJrKSijiEzqoak5gu7BfKIltmUPfeEesaNc0IrF59JyLDPp3ndGKqNF9Xd0\nemail=omonteojalvo@gmail.com\ncontraseña=MANTEQUILLA',1);
/*!40000 ALTER TABLE `axes_accessattempt` ENABLE KEYS */;
UNLOCK TABLES;

--
-- Table structure for table `axes_accesslog`
--

DROP TABLE IF EXISTS `axes_accesslog`;
/*!40101 SET @saved_cs_client     = @@character_set_client */;
/*!50503 SET character_set_client = utf8mb4 */;
CREATE TABLE `axes_accesslog` (
  `id` int NOT NULL AUTO_INCREMENT,
  `user_agent` varchar(255) NOT NULL,
  `ip_address` char(39) DEFAULT NULL,
  `username` varchar(255) DEFAULT NULL,
  `http_accept` varchar(1025) NOT NULL,
  `path_info` varchar(255) NOT NULL,
  `attempt_time` datetime(6) NOT NULL,
  `logout_time` datetime(6) DEFAULT NULL,
  PRIMARY KEY (`id`),
  KEY `axes_accesslog_ip_address_86b417e5` (`ip_address`),
  KEY `axes_accesslog_user_agent_0e659004` (`user_agent`),
  KEY `axes_accesslog_username_df93064b` (`username`)
) ENGINE=InnoDB AUTO_INCREMENT=56 DEFAULT CHARSET=utf8mb4 COLLATE=utf8mb4_0900_ai_ci;
/*!40101 SET character_set_client = @saved_cs_client */;

--
-- Dumping data for table `axes_accesslog`
--

LOCK TABLES `axes_accesslog` WRITE;
/*!40000 ALTER TABLE `axes_accesslog` DISABLE KEYS */;
INSERT INTO `axes_accesslog` VALUES (1,'Mozilla/5.0 (Windows NT 10.0; Win64; x64) AppleWebKit/537.36 (KHTML, like Gecko) Chrome/100.0.4896.75 Safari/537.36','127.0.0.1','achaperez@gmail.com','text/html,application/xhtml+xml,application/xml;q=0.9,image/avif,image/webp,image/apng,*/*;q=0.8,application/signed-exchange;v=b3;q=0.9','/login/','2022-04-05 13:42:55.116426','2022-04-05 13:42:57.179303'),(2,'Mozilla/5.0 (Windows NT 10.0; Win64; x64) AppleWebKit/537.36 (KHTML, like Gecko) Chrome/100.0.4896.75 Safari/537.36','127.0.0.1','munay','text/html,application/xhtml+xml,application/xml;q=0.9,image/avif,image/webp,image/apng,*/*;q=0.8,application/signed-exchange;v=b3;q=0.9','/admin/login/','2022-04-05 13:43:07.452785','2022-04-06 04:14:25.855340'),(3,'Mozilla/5.0 (Linux; Android 6.0; Nexus 5 Build/MRA58N) AppleWebKit/537.36 (KHTML, like Gecko) Chrome/100.0.4896.75 Mobile Safari/537.36','127.0.0.1','achaperez@gmail.com','text/html,application/xhtml+xml,application/xml;q=0.9,image/avif,image/webp,image/apng,*/*;q=0.8,application/signed-exchange;v=b3;q=0.9','/login/','2022-04-06 04:19:25.128631','2022-04-06 04:19:35.829700'),(4,'Mozilla/5.0 (Windows NT 10.0; Win64; x64) AppleWebKit/537.36 (KHTML, like Gecko) Chrome/100.0.4896.75 Safari/537.36','127.0.0.1','achaperez@gmail.com','text/html,application/xhtml+xml,application/xml;q=0.9,image/avif,image/webp,image/apng,*/*;q=0.8,application/signed-exchange;v=b3;q=0.9','/login/','2022-04-07 01:53:41.848801','2022-04-07 01:54:03.954710'),(5,'Mozilla/5.0 (Windows NT 10.0; Win64; x64) AppleWebKit/537.36 (KHTML, like Gecko) Chrome/100.0.4896.75 Safari/537.36','127.0.0.1','achaperez@gmail.com','text/html,application/xhtml+xml,application/xml;q=0.9,image/avif,image/webp,image/apng,*/*;q=0.8,application/signed-exchange;v=b3;q=0.9','/login/','2022-04-07 01:55:12.208906','2022-04-07 01:55:59.549354'),(6,'Mozilla/5.0 (Windows NT 10.0; Win64; x64) AppleWebKit/537.36 (KHTML, like Gecko) Chrome/100.0.4896.75 Safari/537.36','127.0.0.1','agredacorrales@gmail.com','text/html,application/xhtml+xml,application/xml;q=0.9,image/avif,image/webp,image/apng,*/*;q=0.8,application/signed-exchange;v=b3;q=0.9','/login/','2022-04-07 01:58:46.129087','2022-04-07 01:59:38.626038'),(7,'Mozilla/5.0 (Windows NT 10.0; Win64; x64) AppleWebKit/537.36 (KHTML, like Gecko) Chrome/100.0.4896.60 Safari/537.36 Edg/100.0.1185.29','127.0.0.1','achaperez@gmail.com','text/html,application/xhtml+xml,application/xml;q=0.9,image/webp,image/apng,*/*;q=0.8,application/signed-exchange;v=b3;q=0.9','/login/','2022-04-07 01:59:28.448635','2022-04-07 01:59:34.199096'),(8,'Mozilla/5.0 (Windows NT 10.0; Win64; x64) AppleWebKit/537.36 (KHTML, like Gecko) Chrome/100.0.4896.75 Safari/537.36','127.0.0.1','achaperez@gmail.com','text/html,application/xhtml+xml,application/xml;q=0.9,image/avif,image/webp,image/apng,*/*;q=0.8,application/signed-exchange;v=b3;q=0.9','/login/','2022-04-09 01:33:26.823634','2022-04-09 01:46:46.309001'),(9,'Mozilla/5.0 (Windows NT 10.0; Win64; x64) AppleWebKit/537.36 (KHTML, like Gecko) Chrome/100.0.4896.75 Safari/537.36','127.0.0.1','achaperez@gmail.com','text/html,application/xhtml+xml,application/xml;q=0.9,image/avif,image/webp,image/apng,*/*;q=0.8,application/signed-exchange;v=b3;q=0.9','/login/','2022-04-09 01:46:54.614461','2022-04-09 01:51:20.007275'),(10,'Mozilla/5.0 (Windows NT 10.0; Win64; x64) AppleWebKit/537.36 (KHTML, like Gecko) Chrome/100.0.4896.75 Safari/537.36','127.0.0.1','achaperez@gmail.com','text/html,application/xhtml+xml,application/xml;q=0.9,image/avif,image/webp,image/apng,*/*;q=0.8,application/signed-exchange;v=b3;q=0.9','/login/','2022-04-09 01:51:27.270193','2022-04-09 01:52:07.249475'),(11,'Mozilla/5.0 (Windows NT 10.0; Win64; x64) AppleWebKit/537.36 (KHTML, like Gecko) Chrome/100.0.4896.75 Safari/537.36','127.0.0.1','achaperez@gmail.com','text/html,application/xhtml+xml,application/xml;q=0.9,image/avif,image/webp,image/apng,*/*;q=0.8,application/signed-exchange;v=b3;q=0.9','/login/','2022-04-09 01:52:13.650262','2022-04-09 01:56:12.559840'),(12,'Mozilla/5.0 (Windows NT 10.0; Win64; x64) AppleWebKit/537.36 (KHTML, like Gecko) Chrome/100.0.4896.75 Safari/537.36','127.0.0.1','achaperez@gmail.com','text/html,application/xhtml+xml,application/xml;q=0.9,image/avif,image/webp,image/apng,*/*;q=0.8,application/signed-exchange;v=b3;q=0.9','/login/','2022-04-09 01:55:13.199710','2022-04-09 01:56:12.559840'),(13,'Mozilla/5.0 (Windows NT 10.0; Win64; x64) AppleWebKit/537.36 (KHTML, like Gecko) Chrome/100.0.4896.75 Safari/537.36','127.0.0.1','agredacorrales@gmail.com','text/html,application/xhtml+xml,application/xml;q=0.9,image/avif,image/webp,image/apng,*/*;q=0.8,application/signed-exchange;v=b3;q=0.9','/login/','2022-04-09 01:56:50.999759','2022-04-09 02:01:35.039694'),(14,'Mozilla/5.0 (Windows NT 10.0; Win64; x64) AppleWebKit/537.36 (KHTML, like Gecko) Chrome/100.0.4896.60 Safari/537.36 Edg/100.0.1185.29','127.0.0.1','achaperez@gmail.com','text/html,application/xhtml+xml,application/xml;q=0.9,image/webp,image/apng,*/*;q=0.8,application/signed-exchange;v=b3;q=0.9','/login/','2022-04-09 01:57:07.389421','2022-04-09 01:59:51.109704'),(15,'Mozilla/5.0 (Windows NT 10.0; Win64; x64) AppleWebKit/537.36 (KHTML, like Gecko) Chrome/100.0.4896.60 Safari/537.36 Edg/100.0.1185.29','127.0.0.1','achaperez@gmail.com','text/html,application/xhtml+xml,application/xml;q=0.9,image/webp,image/apng,*/*;q=0.8,application/signed-exchange;v=b3;q=0.9','/login/','2022-04-09 01:59:47.419601','2022-04-09 01:59:51.109704'),(16,'Mozilla/5.0 (Windows NT 10.0; Win64; x64) AppleWebKit/537.36 (KHTML, like Gecko) Chrome/100.0.4896.60 Safari/537.36 Edg/100.0.1185.29','127.0.0.1','achaperez@gmail.com','text/html,application/xhtml+xml,application/xml;q=0.9,image/webp,image/apng,*/*;q=0.8,application/signed-exchange;v=b3;q=0.9','/login/','2022-04-09 02:00:06.089515','2022-04-09 03:10:57.573678'),(17,'Mozilla/5.0 (Windows NT 10.0; Win64; x64) AppleWebKit/537.36 (KHTML, like Gecko) Chrome/100.0.4896.60 Safari/537.36 Edg/100.0.1185.29','127.0.0.1','achaperez@gmail.com','text/html,application/xhtml+xml,application/xml;q=0.9,image/webp,image/apng,*/*;q=0.8,application/signed-exchange;v=b3;q=0.9','/login/','2022-04-09 02:00:25.969493','2022-04-09 03:10:57.573678'),(18,'Mozilla/5.0 (Windows NT 10.0; Win64; x64) AppleWebKit/537.36 (KHTML, like Gecko) Chrome/100.0.4896.75 Safari/537.36','127.0.0.1','agredacorrales@gmail.com','text/html,application/xhtml+xml,application/xml;q=0.9,image/avif,image/webp,image/apng,*/*;q=0.8,application/signed-exchange;v=b3;q=0.9','/login/','2022-04-09 02:00:43.641782','2022-04-09 02:01:35.039694'),(19,'Mozilla/5.0 (Windows NT 10.0; Win64; x64) AppleWebKit/537.36 (KHTML, like Gecko) Chrome/100.0.4896.75 Safari/537.36','127.0.0.1','achaperez@gmail.com','text/html,application/xhtml+xml,application/xml;q=0.9,image/avif,image/webp,image/apng,*/*;q=0.8,application/signed-exchange;v=b3;q=0.9','/login/','2022-04-09 03:10:51.631357','2022-04-09 03:10:57.573678'),(20,'Mozilla/5.0 (Windows NT 10.0; Win64; x64) AppleWebKit/537.36 (KHTML, like Gecko) Chrome/100.0.4896.75 Safari/537.36','127.0.0.1','achaperez@gmail.com','text/html,application/xhtml+xml,application/xml;q=0.9,image/avif,image/webp,image/apng,*/*;q=0.8,application/signed-exchange;v=b3;q=0.9','/login/','2022-04-09 03:17:39.583710','2022-04-11 20:47:03.838187'),(21,'Mozilla/5.0 (Windows NT 10.0; Win64; x64) AppleWebKit/537.36 (KHTML, like Gecko) Chrome/100.0.4896.75 Safari/537.36','127.0.0.1','achaperez@gmail.com','text/html,application/xhtml+xml,application/xml;q=0.9,image/avif,image/webp,image/apng,*/*;q=0.8,application/signed-exchange;v=b3;q=0.9','/login/','2022-04-11 20:46:46.947276','2022-04-11 20:47:03.838187'),(22,'Mozilla/5.0 (Windows NT 10.0; Win64; x64) AppleWebKit/537.36 (KHTML, like Gecko) Chrome/100.0.4896.75 Safari/537.36','127.0.0.1','achaperez@gmail.com','text/html,application/xhtml+xml,application/xml;q=0.9,image/avif,image/webp,image/apng,*/*;q=0.8,application/signed-exchange;v=b3;q=0.9','/login/','2022-04-11 20:47:29.599099','2022-04-11 20:47:36.667796'),(23,'Mozilla/5.0 (Windows NT 10.0; Win64; x64) AppleWebKit/537.36 (KHTML, like Gecko) Chrome/100.0.4896.75 Safari/537.36','127.0.0.1','achaperez@gmail.com','text/html,application/xhtml+xml,application/xml;q=0.9,image/avif,image/webp,image/apng,*/*;q=0.8,application/signed-exchange;v=b3;q=0.9','/login/','2022-04-11 20:47:50.877895','2022-04-11 20:49:39.785750'),(24,'Mozilla/5.0 (Windows NT 10.0; Win64; x64) AppleWebKit/537.36 (KHTML, like Gecko) Chrome/100.0.4896.75 Safari/537.36','127.0.0.1','achaperez@gmail.com','text/html,application/xhtml+xml,application/xml;q=0.9,image/avif,image/webp,image/apng,*/*;q=0.8,application/signed-exchange;v=b3;q=0.9','/login/','2022-04-11 20:49:46.337525','2022-04-11 20:49:49.437949'),(25,'Mozilla/5.0 (Windows NT 10.0; Win64; x64) AppleWebKit/537.36 (KHTML, like Gecko) Chrome/100.0.4896.75 Safari/537.36','127.0.0.1','achaperez@gmail.com','text/html,application/xhtml+xml,application/xml;q=0.9,image/avif,image/webp,image/apng,*/*;q=0.8,application/signed-exchange;v=b3;q=0.9','/login/','2022-04-11 20:50:05.122547','2022-04-11 20:50:08.967703'),(26,'Mozilla/5.0 (Windows NT 10.0; Win64; x64) AppleWebKit/537.36 (KHTML, like Gecko) Chrome/100.0.4896.75 Safari/537.36','127.0.0.1','achaperez@gmail.com','text/html,application/xhtml+xml,application/xml;q=0.9,image/avif,image/webp,image/apng,*/*;q=0.8,application/signed-exchange;v=b3;q=0.9','/login/','2022-04-11 20:50:37.437764','2022-04-11 20:50:43.127179'),(27,'Mozilla/5.0 (Windows NT 10.0; Win64; x64) AppleWebKit/537.36 (KHTML, like Gecko) Chrome/100.0.4896.75 Safari/537.36','127.0.0.1','achaperez@gmail.com','text/html,application/xhtml+xml,application/xml;q=0.9,image/avif,image/webp,image/apng,*/*;q=0.8,application/signed-exchange;v=b3;q=0.9','/login/','2022-04-11 21:05:40.046481','2022-04-11 21:05:43.387134'),(28,'Mozilla/5.0 (Windows NT 10.0; Win64; x64) AppleWebKit/537.36 (KHTML, like Gecko) Chrome/100.0.4896.75 Safari/537.36','127.0.0.1','achaperez@gmail.com','text/html,application/xhtml+xml,application/xml;q=0.9,image/avif,image/webp,image/apng,*/*;q=0.8,application/signed-exchange;v=b3;q=0.9','/login/','2022-04-11 21:16:24.835787','2022-04-11 21:18:01.675745'),(29,'Mozilla/5.0 (Windows NT 10.0; Win64; x64) AppleWebKit/537.36 (KHTML, like Gecko) Chrome/100.0.4896.75 Safari/537.36','127.0.0.1','achaperez@gmail.com','text/html,application/xhtml+xml,application/xml;q=0.9,image/avif,image/webp,image/apng,*/*;q=0.8,application/signed-exchange;v=b3;q=0.9','/login/','2022-04-11 21:18:07.574859','2022-04-11 21:18:20.505086'),(30,'Mozilla/5.0 (Windows NT 10.0; Win64; x64) AppleWebKit/537.36 (KHTML, like Gecko) Chrome/100.0.4896.75 Safari/537.36','127.0.0.1','achaperez@gmail.com','text/html,application/xhtml+xml,application/xml;q=0.9,image/avif,image/webp,image/apng,*/*;q=0.8,application/signed-exchange;v=b3;q=0.9','/login/','2022-04-11 21:24:51.532922','2022-04-11 21:24:57.190558'),(31,'Mozilla/5.0 (Windows NT 10.0; Win64; x64) AppleWebKit/537.36 (KHTML, like Gecko) Chrome/100.0.4896.75 Safari/537.36','127.0.0.1','achaperez@gmail.com','text/html,application/xhtml+xml,application/xml;q=0.9,image/avif,image/webp,image/apng,*/*;q=0.8,application/signed-exchange;v=b3;q=0.9','/login/','2022-04-11 21:55:16.679957','2022-04-11 21:55:36.830058'),(32,'Mozilla/5.0 (Windows NT 10.0; Win64; x64) AppleWebKit/537.36 (KHTML, like Gecko) Chrome/100.0.4896.75 Safari/537.36','127.0.0.1','achaperez@gmail.com','text/html,application/xhtml+xml,application/xml;q=0.9,image/avif,image/webp,image/apng,*/*;q=0.8,application/signed-exchange;v=b3;q=0.9','/login/','2022-04-11 21:55:34.758171','2022-04-11 21:55:36.830058'),(33,'Mozilla/5.0 (Windows NT 10.0; Win64; x64) AppleWebKit/537.36 (KHTML, like Gecko) Chrome/100.0.4896.75 Safari/537.36','127.0.0.1','achaperez@gmail.com','text/html,application/xhtml+xml,application/xml;q=0.9,image/avif,image/webp,image/apng,*/*;q=0.8,application/signed-exchange;v=b3;q=0.9','/login/','2022-04-11 21:56:50.747026','2022-04-11 21:57:01.890833'),(34,'Mozilla/5.0 (Windows NT 10.0; Win64; x64) AppleWebKit/537.36 (KHTML, like Gecko) Chrome/100.0.4896.88 Safari/537.36','127.0.0.1','achaperez@gmail.com','text/html,application/xhtml+xml,application/xml;q=0.9,image/avif,image/webp,image/apng,*/*;q=0.8,application/signed-exchange;v=b3;q=0.9','/login/','2022-04-14 02:33:13.472483','2022-04-14 03:33:37.710615'),(35,'Mozilla/5.0 (Windows NT 10.0; Win64; x64) AppleWebKit/537.36 (KHTML, like Gecko) Chrome/100.0.4896.88 Safari/537.36','127.0.0.1','achaperez@gmail.com','text/html,application/xhtml+xml,application/xml;q=0.9,image/avif,image/webp,image/apng,*/*;q=0.8,application/signed-exchange;v=b3;q=0.9','/login/','2022-04-14 03:33:44.565324','2022-04-14 20:56:38.077562'),(36,'Mozilla/5.0 (Windows NT 10.0; Win64; x64) AppleWebKit/537.36 (KHTML, like Gecko) Chrome/100.0.4896.88 Safari/537.36','127.0.0.1','achaperez@gmail.com','text/html,application/xhtml+xml,application/xml;q=0.9,image/avif,image/webp,image/apng,*/*;q=0.8,application/signed-exchange;v=b3;q=0.9','/login/','2022-04-14 20:56:51.988621','2022-04-14 23:00:37.899608'),(37,'Mozilla/5.0 (Windows NT 10.0; Win64; x64) AppleWebKit/537.36 (KHTML, like Gecko) Chrome/100.0.4896.88 Safari/537.36','127.0.0.1','achaperez@gmail.com','text/html,application/xhtml+xml,application/xml;q=0.9,image/avif,image/webp,image/apng,*/*;q=0.8,application/signed-exchange;v=b3;q=0.9','/login/','2022-04-14 23:00:46.030508','2022-04-14 23:17:11.397913'),(38,'Mozilla/5.0 (Windows NT 10.0; Win64; x64) AppleWebKit/537.36 (KHTML, like Gecko) Chrome/100.0.4896.88 Safari/537.36','127.0.0.1','achaperez@gmail.com','text/html,application/xhtml+xml,application/xml;q=0.9,image/avif,image/webp,image/apng,*/*;q=0.8,application/signed-exchange;v=b3;q=0.9','/login/','2022-04-14 23:17:29.036216','2022-04-14 23:49:26.624807'),(39,'Mozilla/5.0 (Windows NT 10.0; Win64; x64) AppleWebKit/537.36 (KHTML, like Gecko) Chrome/100.0.4896.88 Safari/537.36','127.0.0.1','omonteojalvo@gmail.com','text/html,application/xhtml+xml,application/xml;q=0.9,image/avif,image/webp,image/apng,*/*;q=0.8,application/signed-exchange;v=b3;q=0.9','/login/','2022-04-14 23:49:51.621934','2022-04-15 14:53:52.309999'),(40,'Mozilla/5.0 (Windows NT 10.0; Win64; x64) AppleWebKit/537.36 (KHTML, like Gecko) Chrome/100.0.4896.88 Safari/537.36','127.0.0.1','omonteojalvo@gmail.com','text/html,application/xhtml+xml,application/xml;q=0.9,image/avif,image/webp,image/apng,*/*;q=0.8,application/signed-exchange;v=b3;q=0.9','/login/','2022-04-15 14:54:00.070450','2022-04-15 22:04:27.297774'),(41,'Mozilla/5.0 (Windows NT 10.0; Win64; x64) AppleWebKit/537.36 (KHTML, like Gecko) Chrome/100.0.4896.88 Safari/537.36','127.0.0.1','omonteojalvo@gmail.com','text/html,application/xhtml+xml,application/xml;q=0.9,image/avif,image/webp,image/apng,*/*;q=0.8,application/signed-exchange;v=b3;q=0.9','/login/','2022-04-15 22:04:57.907702','2022-04-15 22:08:05.708007'),(42,'Mozilla/5.0 (Windows NT 10.0; Win64; x64) AppleWebKit/537.36 (KHTML, like Gecko) Chrome/100.0.4896.88 Safari/537.36','127.0.0.1','omonteojalvo@gmail.com','text/html,application/xhtml+xml,application/xml;q=0.9,image/avif,image/webp,image/apng,*/*;q=0.8,application/signed-exchange;v=b3;q=0.9','/login/','2022-04-15 22:08:16.507979','2022-04-15 22:21:20.678607'),(43,'Mozilla/5.0 (Windows NT 10.0; Win64; x64) AppleWebKit/537.36 (KHTML, like Gecko) Chrome/100.0.4896.88 Safari/537.36','127.0.0.1','achaperez@gmail.com','text/html,application/xhtml+xml,application/xml;q=0.9,image/avif,image/webp,image/apng,*/*;q=0.8,application/signed-exchange;v=b3;q=0.9','/login/','2022-04-15 22:21:28.488798','2022-04-17 03:32:52.005552'),(44,'Mozilla/5.0 (Linux; Android 6.0; Nexus 5 Build/MRA58N) AppleWebKit/537.36 (KHTML, like Gecko) Chrome/100.0.4896.88 Mobile Safari/537.36','127.0.0.1','achaperez@gmail.com','text/html,application/xhtml+xml,application/xml;q=0.9,image/avif,image/webp,image/apng,*/*;q=0.8,application/signed-exchange;v=b3;q=0.9','/login/','2022-04-17 02:36:25.408484','2022-04-17 03:32:52.005552'),(45,'Mozilla/5.0 (Windows NT 10.0; Win64; x64) AppleWebKit/537.36 (KHTML, like Gecko) Chrome/100.0.4896.88 Safari/537.36','127.0.0.1','omonteojalvo@gmail.com','text/html,application/xhtml+xml,application/xml;q=0.9,image/avif,image/webp,image/apng,*/*;q=0.8,application/signed-exchange;v=b3;q=0.9','/login/','2022-04-17 03:32:59.561316','2022-04-17 04:27:02.985504'),(46,'Mozilla/5.0 (Windows NT 10.0; Win64; x64) AppleWebKit/537.36 (KHTML, like Gecko) Chrome/100.0.4896.88 Safari/537.36','127.0.0.1','achaperez@gmail.com','text/html,application/xhtml+xml,application/xml;q=0.9,image/avif,image/webp,image/apng,*/*;q=0.8,application/signed-exchange;v=b3;q=0.9','/login/','2022-04-17 04:31:47.055524','2022-04-17 04:32:02.145674'),(47,'Mozilla/5.0 (Windows NT 10.0; Win64; x64) AppleWebKit/537.36 (KHTML, like Gecko) Chrome/100.0.4896.88 Safari/537.36','127.0.0.1','omonteojalvo@gmail.com','text/html,application/xhtml+xml,application/xml;q=0.9,image/avif,image/webp,image/apng,*/*;q=0.8,application/signed-exchange;v=b3;q=0.9','/login/','2022-04-17 04:37:04.872363','2022-04-17 04:46:45.286648'),(48,'Mozilla/5.0 (Windows NT 10.0; Win64; x64) AppleWebKit/537.36 (KHTML, like Gecko) Chrome/100.0.4896.88 Safari/537.36','127.0.0.1','omonteojalvo@gmail.com','text/html,application/xhtml+xml,application/xml;q=0.9,image/avif,image/webp,image/apng,*/*;q=0.8,application/signed-exchange;v=b3;q=0.9','/login/','2022-04-17 04:55:51.465408','2022-04-17 04:56:54.862556'),(49,'Mozilla/5.0 (Windows NT 10.0; Win64; x64) AppleWebKit/537.36 (KHTML, like Gecko) Chrome/100.0.4896.88 Safari/537.36','127.0.0.1','omonteojalvo@gmail.com','text/html,application/xhtml+xml,application/xml;q=0.9,image/avif,image/webp,image/apng,*/*;q=0.8,application/signed-exchange;v=b3;q=0.9','/login/','2022-04-17 23:03:58.765131','2022-04-17 23:08:00.506567'),(50,'Mozilla/5.0 (Windows NT 10.0; Win64; x64) AppleWebKit/537.36 (KHTML, like Gecko) Chrome/100.0.4896.88 Safari/537.36','127.0.0.1','omonteojalvo@gmail.com','text/html,application/xhtml+xml,application/xml;q=0.9,image/avif,image/webp,image/apng,*/*;q=0.8,application/signed-exchange;v=b3;q=0.9','/login/','2022-04-18 16:44:40.716328',NULL),(51,'Mozilla/5.0 (Windows NT 10.0; Win64; x64) AppleWebKit/537.36 (KHTML, like Gecko) Chrome/100.0.4896.127 Safari/537.36','127.0.0.1','achaperez@gmail.com','text/html,application/xhtml+xml,application/xml;q=0.9,image/avif,image/webp,image/apng,*/*;q=0.8,application/signed-exchange;v=b3;q=0.9','/login/','2022-04-21 12:31:49.202117','2022-04-27 04:06:06.296833'),(52,'Mozilla/5.0 (Windows NT 10.0; Win64; x64) AppleWebKit/537.36 (KHTML, like Gecko) Chrome/100.0.4896.127 Safari/537.36','127.0.0.1','achaperez@gmail.com','text/html,application/xhtml+xml,application/xml;q=0.9,image/avif,image/webp,image/apng,*/*;q=0.8,application/signed-exchange;v=b3;q=0.9','/login/','2022-04-27 01:12:20.162905','2022-04-27 04:06:06.296833'),(53,'Mozilla/5.0 (Windows NT 10.0; Win64; x64) AppleWebKit/537.36 (KHTML, like Gecko) Chrome/100.0.4896.127 Safari/537.36','127.0.0.1','achaperez@gmail.com','text/html,application/xhtml+xml,application/xml;q=0.9,image/avif,image/webp,image/apng,*/*;q=0.8,application/signed-exchange;v=b3;q=0.9','/login/','2022-04-27 04:06:14.289779','2022-04-27 04:22:21.780655'),(54,'Mozilla/5.0 (Windows NT 10.0; Win64; x64) AppleWebKit/537.36 (KHTML, like Gecko) Chrome/100.0.4896.127 Safari/537.36','127.0.0.1','agredacorrales@gmail.com','text/html,application/xhtml+xml,application/xml;q=0.9,image/avif,image/webp,image/apng,*/*;q=0.8,application/signed-exchange;v=b3;q=0.9','/login/','2022-04-27 04:22:28.093078',NULL),(55,'Mozilla/5.0 (Windows NT 10.0; Win64; x64) AppleWebKit/537.36 (KHTML, like Gecko) Chrome/99.0.4844.84 Safari/537.36 OPR/85.0.4341.72','127.0.0.1','achaperez@gmail.com','text/html,application/xhtml+xml,application/xml;q=0.9,image/avif,image/webp,image/apng,*/*;q=0.8,application/signed-exchange;v=b3;q=0.9','/login/','2022-05-02 17:14:16.087121',NULL);
/*!40000 ALTER TABLE `axes_accesslog` ENABLE KEYS */;
UNLOCK TABLES;

--
-- Table structure for table `django_admin_log`
--

DROP TABLE IF EXISTS `django_admin_log`;
/*!40101 SET @saved_cs_client     = @@character_set_client */;
/*!50503 SET character_set_client = utf8mb4 */;
CREATE TABLE `django_admin_log` (
  `id` int NOT NULL AUTO_INCREMENT,
  `action_time` datetime(6) NOT NULL,
  `object_id` longtext,
  `object_repr` varchar(200) NOT NULL,
  `action_flag` smallint unsigned NOT NULL,
  `change_message` longtext NOT NULL,
  `content_type_id` int DEFAULT NULL,
  `user_id` int NOT NULL,
  PRIMARY KEY (`id`),
  KEY `django_admin_log_content_type_id_c4bce8eb_fk_django_co` (`content_type_id`),
  KEY `django_admin_log_user_id_c564eba6_fk_auth_user_id` (`user_id`),
  CONSTRAINT `django_admin_log_content_type_id_c4bce8eb_fk_django_co` FOREIGN KEY (`content_type_id`) REFERENCES `django_content_type` (`id`),
  CONSTRAINT `django_admin_log_user_id_c564eba6_fk_auth_user_id` FOREIGN KEY (`user_id`) REFERENCES `auth_user` (`id`),
  CONSTRAINT `django_admin_log_chk_1` CHECK ((`action_flag` >= 0))
) ENGINE=InnoDB DEFAULT CHARSET=utf8mb4 COLLATE=utf8mb4_0900_ai_ci;
/*!40101 SET character_set_client = @saved_cs_client */;

--
-- Dumping data for table `django_admin_log`
--

LOCK TABLES `django_admin_log` WRITE;
/*!40000 ALTER TABLE `django_admin_log` DISABLE KEYS */;
/*!40000 ALTER TABLE `django_admin_log` ENABLE KEYS */;
UNLOCK TABLES;

--
-- Table structure for table `django_content_type`
--

DROP TABLE IF EXISTS `django_content_type`;
/*!40101 SET @saved_cs_client     = @@character_set_client */;
/*!50503 SET character_set_client = utf8mb4 */;
CREATE TABLE `django_content_type` (
  `id` int NOT NULL AUTO_INCREMENT,
  `app_label` varchar(100) NOT NULL,
  `model` varchar(100) NOT NULL,
  PRIMARY KEY (`id`),
  UNIQUE KEY `django_content_type_app_label_model_76bd3d3b_uniq` (`app_label`,`model`)
) ENGINE=InnoDB AUTO_INCREMENT=14 DEFAULT CHARSET=utf8mb4 COLLATE=utf8mb4_0900_ai_ci;
/*!40101 SET character_set_client = @saved_cs_client */;

--
-- Dumping data for table `django_content_type`
--

LOCK TABLES `django_content_type` WRITE;
/*!40000 ALTER TABLE `django_content_type` DISABLE KEYS */;
INSERT INTO `django_content_type` VALUES (1,'admin','logentry'),(3,'auth','group'),(2,'auth','permission'),(4,'auth','user'),(12,'axes','accessattempt'),(13,'axes','accesslog'),(5,'contenttypes','contenttype'),(11,'GestionDB','aula'),(7,'GestionDB','docente'),(10,'GestionDB','grupo'),(8,'GestionDB','materia'),(9,'GestionDB','reserva'),(6,'sessions','session');
/*!40000 ALTER TABLE `django_content_type` ENABLE KEYS */;
UNLOCK TABLES;

--
-- Table structure for table `django_migrations`
--

DROP TABLE IF EXISTS `django_migrations`;
/*!40101 SET @saved_cs_client     = @@character_set_client */;
/*!50503 SET character_set_client = utf8mb4 */;
CREATE TABLE `django_migrations` (
  `id` bigint NOT NULL AUTO_INCREMENT,
  `app` varchar(255) NOT NULL,
  `name` varchar(255) NOT NULL,
  `applied` datetime(6) NOT NULL,
  PRIMARY KEY (`id`)
) ENGINE=InnoDB AUTO_INCREMENT=33 DEFAULT CHARSET=utf8mb4 COLLATE=utf8mb4_0900_ai_ci;
/*!40101 SET character_set_client = @saved_cs_client */;

--
-- Dumping data for table `django_migrations`
--

LOCK TABLES `django_migrations` WRITE;
/*!40000 ALTER TABLE `django_migrations` DISABLE KEYS */;
INSERT INTO `django_migrations` VALUES (1,'GestionDB','0001_initial','2022-04-05 12:13:45.051575'),(2,'contenttypes','0001_initial','2022-04-05 12:13:45.120972'),(3,'auth','0001_initial','2022-04-05 12:13:45.683460'),(4,'admin','0001_initial','2022-04-05 12:13:45.883828'),(5,'admin','0002_logentry_remove_auto_add','2022-04-05 12:13:45.900008'),(6,'admin','0003_logentry_add_action_flag_choices','2022-04-05 12:13:45.910967'),(7,'contenttypes','0002_remove_content_type_name','2022-04-05 12:13:46.004695'),(8,'auth','0002_alter_permission_name_max_length','2022-04-05 12:13:46.072540'),(9,'auth','0003_alter_user_email_max_length','2022-04-05 12:13:46.096233'),(10,'auth','0004_alter_user_username_opts','2022-04-05 12:13:46.107298'),(11,'auth','0005_alter_user_last_login_null','2022-04-05 12:13:46.155691'),(12,'auth','0006_require_contenttypes_0002','2022-04-05 12:13:46.167057'),(13,'auth','0007_alter_validators_add_error_messages','2022-04-05 12:13:46.177395'),(14,'auth','0008_alter_user_username_max_length','2022-04-05 12:13:46.263262'),(15,'auth','0009_alter_user_last_name_max_length','2022-04-05 12:13:46.332649'),(16,'auth','0010_alter_group_name_max_length','2022-04-05 12:13:46.358427'),(17,'auth','0011_update_proxy_permissions','2022-04-05 12:13:46.372389'),(18,'auth','0012_alter_user_first_name_max_length','2022-04-05 12:13:46.439200'),(19,'axes','0001_initial','2022-04-05 12:13:46.495909'),(20,'axes','0002_auto_20151217_2044','2022-04-05 12:13:46.622610'),(21,'axes','0003_auto_20160322_0929','2022-04-05 12:13:46.639360'),(22,'axes','0004_auto_20181024_1538','2022-04-05 12:13:46.658309'),(23,'axes','0005_remove_accessattempt_trusted','2022-04-05 12:13:46.709313'),(24,'axes','0006_remove_accesslog_trusted','2022-04-05 12:13:46.756269'),(25,'axes','0007_alter_accessattempt_unique_together','2022-04-05 12:13:46.785006'),(26,'sessions','0001_initial','2022-04-05 12:13:46.825070'),(27,'GestionDB','0002_auto_20220414_1823','2022-04-14 22:24:36.948950'),(28,'GestionDB','0003_grupo_cod_grupo','2022-04-16 17:23:22.557285'),(29,'GestionDB','0004_alter_grupo_cod_grupo','2022-04-18 16:38:55.237488'),(30,'GestionDB','0005_aula_cod_aula','2022-04-19 03:56:33.157111'),(31,'GestionDB','0006_auto_20220426_2144','2022-04-27 01:44:40.656270'),(32,'GestionDB','0007_aula_tipo_aula','2022-04-28 03:38:38.155848');
/*!40000 ALTER TABLE `django_migrations` ENABLE KEYS */;
UNLOCK TABLES;

--
-- Table structure for table `django_session`
--

DROP TABLE IF EXISTS `django_session`;
/*!40101 SET @saved_cs_client     = @@character_set_client */;
/*!50503 SET character_set_client = utf8mb4 */;
CREATE TABLE `django_session` (
  `session_key` varchar(40) NOT NULL,
  `session_data` longtext NOT NULL,
  `expire_date` datetime(6) NOT NULL,
  PRIMARY KEY (`session_key`),
  KEY `django_session_expire_date_a5c62663` (`expire_date`)
) ENGINE=InnoDB DEFAULT CHARSET=utf8mb4 COLLATE=utf8mb4_0900_ai_ci;
/*!40101 SET character_set_client = @saved_cs_client */;

--
-- Dumping data for table `django_session`
--

LOCK TABLES `django_session` WRITE;
/*!40000 ALTER TABLE `django_session` DISABLE KEYS */;
INSERT INTO `django_session` VALUES ('0lrhntktf0e89w7sdu9ffnt96vl96sq6','.eJxVjDsOwjAQBe_iGllrr7-U9JzBsr0LDqBEipMKcXcSKQW0M_PeW6S8Li2tnec0kDgLDUqcfmnJ9cnjruiRx_sk6zQu81DknsjDdnmdiF-Xo_07aLm3bV21qZoJDJlobqALBiYKyIGtDxt1WBDQuugxsooIoKA6zkpZDwXF5wsb4Tc7:1ngUUS:MOK7Sf253YaE9Uf6_SXopWt-Vis52FaOF8Yox3vdKhY','2022-05-02 16:44:40.724389'),('3nr5hozk8cbyeiaegg92qncpd5mxtvve','e30:1nd0Gr:8ssbIojOA8HYOna_aeBdxRCkR50lsNo65Y85b0KXjh8','2022-04-23 01:52:13.629299'),('6mrf1av24fg53rxp0hp1wtporfnil6nv','.eJxVjDEOgzAMRe-SuYrAxHbSsTtnQI4DhbYKEoGp6t0LEkO7_vfef5tOtnXsttIv3ZTM1YC5_G5R9NnnA6SH5Ptsdc7rMkV7KPakxbZz6l-30_07GKWMex20UfQsADoIucZTFaiqXAw1QooNsyLxUO8WU40eB6eMyTkG8AnIfL65STZm:1nhVyP:TyEMY0fzobJhE0__56S-Lfz_sUvChU6QCpn-eY-dT50','2022-05-05 12:31:49.222189'),('nvcpanqnj7iiofobfymfordkmhbbgndf','.eJxVjMsOgjAUBf-la9NQuC2pS_d-Q3OfghpIKKyI_25IWOj2zMzZXcFtHcpWdSmjuKtr3eV3I-SXTgeQJ06P2fM8rctI_lD8Sau_z6Lv2-n-HQxYh6MGo8Y4mEY2SpIZQwyRekyp5UwQpYdk2SwgRcVONKkk7BqGDAzu8wUinTlU:1nfUJk:cYE859JSp0W_vlQUfC60cCbcOV3NXZWIuXTjAPUsHXU','2022-04-29 22:21:28.498634'),('skma6vyfa3mo7pib4u4zm51gnpxgbqtd','.eJxVjEEOwiAQAP_C2RAQyqJH730DWXZBqgaS0p6MfzckPeh1ZjJvEXDfSth7WsPC4iqMOP2yiPRMdQh-YL03Sa1u6xLlSORhu5wbp9ftaP8GBXsZW002KzBgM3lzjtZrnR0rRFaO2A7PjjNjhgk8-ClHIINAdAGtnfh8AeLOOAY:1njZC8:_PLcDjCDuQS0yi-XgLD_jzhM_BU7J-0XzItbOJ2BGUQ','2022-05-11 04:22:28.096440'),('yluy850vqrlh5vv1wumy2q1fcl7s69pj','e30:1ne20C:acpjjC9BZRMbJiDyCJjnwwQnxKY37wWEfLX7x4I7fvg','2022-04-25 21:55:16.657836'),('yn8z9pwj8ph7isdan7cakjjmmwnb89ic','.eJxVjEEOwiAQRe_C2hAydMC6dO8ZCMwMUjWQlHZlvLtt0oVu_3vvv1WI61LC2mUOE6uLAnX63VKkp9Qd8CPWe9PU6jJPSe-KPmjXt8byuh7u30GJvWz1MIyCwuKSsPcD5uwZs4xkwWcxeEYk75y1YICZI3ob0-aBMwTEpD5f-hI4Rg:1nlZcm:7ZoQT4H-9T6VQNenw05rDqaKHpygJs3jP2_ToIy25zI','2022-05-16 17:14:16.199725');
/*!40000 ALTER TABLE `django_session` ENABLE KEYS */;
UNLOCK TABLES;

--
-- Table structure for table `gestiondb_aula`
--

DROP TABLE IF EXISTS `gestiondb_aula`;
/*!40101 SET @saved_cs_client     = @@character_set_client */;
/*!50503 SET character_set_client = utf8mb4 */;
CREATE TABLE `gestiondb_aula` (
  `id` bigint NOT NULL AUTO_INCREMENT,
  `Cant_Estudiante` int NOT NULL,
  `Cod_Aula` varchar(60) DEFAULT NULL,
  `Tipo_Aula` varchar(60) DEFAULT NULL,
  PRIMARY KEY (`id`)
) ENGINE=InnoDB AUTO_INCREMENT=147 DEFAULT CHARSET=utf8mb4 COLLATE=utf8mb4_0900_ai_ci;
/*!40101 SET character_set_client = @saved_cs_client */;

--
-- Dumping data for table `gestiondb_aula`
--

LOCK TABLES `gestiondb_aula` WRITE;
/*!40000 ALTER TABLE `gestiondb_aula` DISABLE KEYS */;
INSERT INTO `gestiondb_aula` VALUES (1,190,'607','AUC'),(2,55,'606','AUD'),(3,35,'608','LAB'),(4,12,'609','LAB'),(5,20,'608-A','LAB'),(6,20,'608-B','LAB'),(7,20,'609-A','LAB'),(8,210,'612','AUC'),(9,75,'613','LAB'),(10,60,'614','LAB'),(11,65,'615','LAB'),(12,30,'616','LAB'),(13,35,'616-A','LAB'),(14,185,'617','AUC'),(15,90,'617-B','AUC'),(16,80,'617-C','AUC'),(17,90,'618','LAB'),(18,25,'619','LAB'),(19,85,'619-A','LAB'),(20,60,'620','LAB'),(21,60,'620-B','LAB'),(22,65,'621','LAB'),(23,25,'621-A','LAB'),(24,185,'622','AUC'),(25,185,'623','AUC'),(26,185,'624','AUC'),(27,36,'625-C','AUC'),(28,43,'625-D','AUC'),(29,55,'631','AUC'),(30,47,'632','AUC'),(31,100,'635','AUC'),(32,50,'640','AUC'),(33,120,'642','AUC'),(34,30,'643','LAB'),(35,50,'644','AUC'),(36,50,'644-A ','AUC'),(37,150,'AUDCIV','AUD'),(38,120,'651 ','AUC'),(39,60,'652 ','AUC'),(40,100,'AUDMEC ','AUD'),(41,185,'MAGCIV ','AUD'),(42,155,'667-A ','LAB'),(43,50,'667-B ','LAB'),(44,60,'668 ','LAB'),(45,110,'669-A ','LAB'),(46,80,'669-B ','LAB'),(47,50,'670 ','LAB'),(48,25,'671 ','LAB'),(49,95,'671-A ','LAB'),(50,40,'671-B ','LAB'),(51,40,'671-C ','LAB'),(52,130,'672 ','LAB'),(53,0,'674-A ','AUC'),(54,30,'674-B ','AUC'),(55,30,'675 ','AUC'),(56,50,'690-A ','AUC'),(57,50,'690-B ','AUC'),(58,50,'690-C ','AUC'),(59,50,'690-D','AUC'),(60,180,'691-A','AUC'),(61,180,'691-B','AUC'),(62,120,'691-C','AUC'),(63,125,'691-D','AUC'),(64,180,'692-E','AUC'),(65,180,'691-F','AUC'),(66,180,'692-A ','AUC'),(67,180,'692-B','AUC'),(68,125,'692-C','AUC'),(69,170,'692-D','AUC'),(70,180,'692-E ','AUC'),(71,180,'692-F','AUC'),(72,80,'692-G','AUC'),(73,80,'692-H','AUC'),(74,160,'693-A ','AUC'),(75,160,'693-B ','AUC'),(76,125,'693-C','AUC'),(77,125,'693-D','AUC'),(78,300,'AUDIT','AUD'),(79,45,'680-A','AUC'),(80,45,'680-B','AUC'),(81,45,'680-C','AUC'),(82,30,'680-D','LAB'),(83,30,'680-E','LAB'),(84,30,'680-F','LAB'),(85,30,'680-G','LAB'),(86,30,'680-H','LAB'),(87,30,'680-I','LAB'),(88,30,'680-J','LAB'),(89,30,'680-K','LAB'),(90,30,'680-L','LAB'),(91,30,'680-M','LAB'),(92,45,'681-A','AUC'),(93,45,'681-B','AUC'),(94,45,'681-C','AUC'),(95,50,'681-D','AUC'),(96,30,'681-E','LAB'),(97,30,'681-F','LAB'),(98,30,'681-G','LAB'),(99,30,'681-H','LAB'),(100,30,'681-I','LAB'),(101,30,'681-J','LAB'),(102,30,'681-K','LAB'),(103,30,'681-L','LAB'),(104,45,'682-A','AUC'),(105,45,'682-B','AUC'),(106,45,'682-C','AUC'),(107,45,'682-D','AUC'),(108,30,'682-E','LAB'),(109,30,'682-F','LAB'),(110,30,'682-G','LAB'),(111,30,'682-H','LAB'),(112,30,'682-I','LAB'),(113,30,'682-J','LAB'),(114,30,'682-K','LAB'),(115,30,'682-L','LAB'),(116,45,'683-A','AUC'),(117,45,'683-B','AUC'),(118,45,'683-C','AUC'),(119,50,'683-D','AUC'),(120,30,'683-E','LAB'),(121,30,'683-F','LAB'),(122,30,'683-G','LAB'),(123,30,'683-H','LAB'),(124,30,'683-I','LAB'),(125,30,'683-J','LAB'),(126,30,'683-K','LAB'),(127,30,'683-L','LAB'),(128,45,'684-A','AUC'),(129,45,'684-B','AUC'),(130,45,'684-C','AUC'),(131,45,'684-D','AUC'),(132,30,'684-E','LAB'),(133,30,'684-F','LAB'),(134,30,'684-G','LAB'),(135,30,'684-H','LAB'),(136,30,'684-I','LAB'),(137,30,'684-J','LAB'),(138,30,'684-K','LAB'),(139,90,'660','AUC'),(140,90,'661','AUC'),(141,40,'LAB1-INFSIS','LAB'),(142,30,'LAB2-INFSIS','LAB'),(143,20,'LAB-REDES','LAB'),(144,50,'LAB3-INFSIS','LAB'),(145,40,'LAB4-INFSIS','LAB'),(146,0,'AUD-USOMULTIPLEX','AUD');
/*!40000 ALTER TABLE `gestiondb_aula` ENABLE KEYS */;
UNLOCK TABLES;

--
-- Table structure for table `gestiondb_docente`
--

DROP TABLE IF EXISTS `gestiondb_docente`;
/*!40101 SET @saved_cs_client     = @@character_set_client */;
/*!50503 SET character_set_client = utf8mb4 */;
CREATE TABLE `gestiondb_docente` (
  `id` bigint NOT NULL AUTO_INCREMENT,
  `nombre_Docente` varchar(50) NOT NULL,
  `apellido_Docente` varchar(50) NOT NULL,
  `email` varchar(80) NOT NULL,
  `contraseña` varchar(50) NOT NULL,
  PRIMARY KEY (`id`)
) ENGINE=InnoDB AUTO_INCREMENT=316 DEFAULT CHARSET=utf8mb4 COLLATE=utf8mb4_0900_ai_ci;
/*!40101 SET character_set_client = @saved_cs_client */;

--
-- Dumping data for table `gestiondb_docente`
--

LOCK TABLES `gestiondb_docente` WRITE;
/*!40000 ALTER TABLE `gestiondb_docente` DISABLE KEYS */;
INSERT INTO `gestiondb_docente` VALUES (1,'Samuel','Achá Perez','achaperez@gmail.com','mantequilla'),(2,'Luis Roberto','Agreda Corrales','agredacorrales@gmail.com','mantequilla'),(3,'Wilson Gonzalo','Aguilar Mamani','aguilarmamani@gmail.com','mantequilla'),(4,'Ivan Felix','Aguirre Torrico','aguirretorrico@gmail.com','mantequilla'),(5,'Richard Cesar','Alcocer Garnica','alcocergarnica@gmail.com','mantequilla'),(6,'Juan Nolasco','Alcon Puña','alconpuña@gmail.com','mantequilla'),(7,'Lucio','Alejo Espinoza','alejoespinoza@gmail.com','mantequilla'),(8,'Gonzalo','Alfaro Denus','alfarodenus@gmail.com','mantequilla'),(9,'Emilio','Aliss Paredes','alissparedes@gmail.com','mantequilla'),(10,'Maria Mercedes','Alvarez Caero','alvarezcaero@gmail.com','mantequilla'),(11,'Richard Milton','Alvarez Quiroz','alvarezquiroz@gmail.com','mantequilla'),(12,'Marko Jorge','Andrade Uzieta','andradeuzieta@gmail.com','mantequilla'),(13,'Marcelo','Antezana Camacho','antezanacamacho@gmail.com','mantequilla'),(14,'Henry','Antezana Fernandez','antezanafernandez@gmail.com','mantequilla'),(15,'Victor Hugo','Antezana Nogales','antezananogales@gmail.com','mantequilla'),(16,'Omar','Antezana Roman','antezanaroman@gmail.com','mantequilla'),(17,'Carola','Antezana Valera','antezanavalera@gmail.com','mantequilla'),(18,'Tatiana ','Aparicio Yuja','aparicioyuja@gmail.com','mantequilla'),(19,'Marcelo Eduardo','Arancibia Guzman','arancibiaguzman@gmail.com','mantequilla'),(20,'Marco Antonio','Arancibia Miranda','arancibiamiranda@gmail.com','mantequilla'),(21,'Ligia Jaqueline','Aranibar Lafuente','aranibarlafuente@gmail.com','mantequilla'),(22,'Joaquin Ricardo','Araoz Jaldin','araozjaldin@gmail.com','mantequilla'),(23,'Omar Orlando','Arce Garcia','arcegarcia@gmail.com','mantequilla'),(24,'Alberto','Arispe Santander','arispesantander@gmail.com','mantequilla'),(25,'Walter ','Arispe Santander','arispesantander2@gmail.com','mantequilla'),(26,'Maria Del Carmen','Arnez Camacho','arnezcamacho@gmail.com','mantequilla'),(27,'Edith Maritza','Arnez Torrico','arneztorrico@gmail.com','mantequilla'),(28,'Silvia Susana','Arrazola Rivero','arrazolarivero@gmail.com','mantequilla'),(29,'Jose Omar','Arzabe Maure','arzabemaure@gmail.com','mantequilla'),(30,'Margoth','Atahuachi','atahuachi@gmail.com','mantequilla'),(31,'Martha Teresa','Avila Alba','avilaalba@gmail.com','mantequilla'),(32,'Alfredo ','Avila Lara','avilalara@gmail.com','mantequilla'),(33,'Jaime','Ayllon Acosta','ayllonacosta@gmail.com','mantequilla'),(34,'Jose Richard','Ayoroa Cardozo','ayoroacardozo@gmail.com','mantequilla'),(35,'Pablo','Azero Alcocer','azeroalcocer@gmail.com','mantequilla'),(36,'Roger Wilmer','Balderrama Angulo','Balderramaangulo@gmail.com','mantequilla'),(37,'Jose Luis','Balderrama Idina','balderramaidina@gmail.com','mantequilla'),(38,'Jose Antonio','Balderrama Torrico','balderramatorrico@gmail.com','mantequilla'),(39,'Rene Jesus','Baldivieso Saenz','Baldiviesosaenz@gmail.com','mantequilla'),(40,'Lizeth Monica','Baptista Chuya','baptistachuya@gmail.com','mantequilla'),(41,'Toribio','Bautista Herbas','bautistaherbas@gmail.com','mantequilla'),(42,'Leticia','Blanco Coca','blancococa@gmail.com','mantequilla'),(43,'Maria Lidia Amparo','Bruckner Bazoberry','brucknerbazoberry@gmail.com','mantequilla'),(44,'Alex Isrrael','Bustillos Vargas','bustillosvargas@gmail.com','mantequilla'),(45,'Fernando','Butron Gandarillas','butrongandarillas@gmail.com','mantequilla'),(46,'Javier ','Caballero Flores','caballeroflores@gmail.com','mantequilla'),(47,'Jennifer','Cahill Mangudo','cahillmangudo@gmail.com','mantequilla'),(48,'Boris','Calancha Navia','calanchanavia@gmail.com','mantequilla'),(49,'Indira','Camacho Del Castillo','camachodelcastillo@gmail.com','mantequilla'),(50,'Christian Boris','Camacho Peña','camachopeña@gmail.com','mantequilla'),(51,'Roger Orlando','Camacho Quiroga','camachoquiroga@gmail.com','mantequilla'),(52,'Jimmy Erick','Camacho Villazon','camachovillazon@gmail.com','mantequilla'),(53,'Walter','Canedo Espinoza','canedoespinoza@gmail.com','mantequilla'),(54,'Sergio Carlos','Carballo Cadima','carballocadima@gmail.com','mantequilla'),(55,'Alvaro Hernando','Carrasco Calvo','carrascocalvo@gmail.com','mantequilla'),(56,'Dilian','Castellon Reynaga','castellonreynaga@gmail.com','mantequilla'),(57,'Raul Fernando','Castellon Torrico','castellontorrico@gmail.com','mantequilla'),(58,'Juan Carlos','Castillo Zegarra','castillozegarra@gmail.com','mantequilla'),(59,'Cecilia Beatriz','Castro Lazarte','castrolazarte@gmail.com','mantequilla'),(60,'Raul ','Catari Rios','cataririos@gmail.com','mantequilla'),(61,'Maria Benita','Cespedes Guizada','cespedesguizada@gmail.com','mantequilla'),(62,'Alex Danchgelo','Choque Flores','choqueflores@gmail.com','mantequilla'),(63,'Francisco','Choque Uno','choqueuno@gmail.com','mantequilla'),(64,'Luis Gualberto','Claros Cruz','claroscruz@gmail.com','mantequilla'),(65,'Patricia Angelica','Claure Richard','claurerichard@gmail.com','mantequilla'),(66,'Juan Carlos','Coca Mendez','cocamendez@gmail.com','mantequilla'),(67,'Carlos Javier Alfredo','Cosio Papadopolis','cosiopapadopolis@gmail.com','mantequilla'),(68,'Walter Felix','Cossio Cabrera','cossiocabrera@gmail.com','mantequilla'),(69,'Vladimir Abel','Costas Jauregui','costasjauregui@gmail.com','mantequilla'),(70,'Alberto Rudy','Crespo Garcia','crespogarcia@gmail.com','mantequilla'),(71,'Oscar ','Cuellar Olivera','cuellarolivera@gmail.com','mantequilla'),(72,'Gualberto','Cupe Clemente','cupeclemente@gmail.com','mantequilla'),(73,'Grover Humberto','Cussi Nicolas','cussinicolas@gmail.com','mantequilla'),(74,'Jorge','Davalos Brozovic','davalosbrozovic@gmail.com','mantequilla'),(75,'Marcelo Armando','Davila Cabrera','davilacabrera@gmail.com','mantequilla'),(76,'Marithza','Del Castillo Antezana','delcastilloantezana@gmail.com','mantequilla'),(77,'David Alfredo','Delgadillo Cossio','delgadillocossio@gmail.com','mantequilla'),(78,'Rolando','Diaz Coimbra','diazcoimbra@gmail.com','mantequilla'),(79,'Gerardo','Dominguez','dominguez@gmail.com','mantequilla'),(80,'Carmen Rosario','Dominguez Blanco','dominguezblanco@gmail.com','mantequilla'),(81,'Raul Agapito','Dominguez Chura','dominguezchura@gmail.com','mantequilla'),(82,'Jorge Martin','Duchen Ayala','duchenayala@gmail.com','mantequilla'),(83,'Rodrigo Carlos','Echeverria Herrera','echeverriaherrera@gmail.com','mantequilla'),(84,'Marcelo','Eduardo Franz','eduardofranz@gmail.com','mantequilla'),(85,'David','Escalera Fernandez','escalerafernandez@gmail.com','mantequilla'),(86,'Edwin','Escalera Mejia','escaleramejia@gmail.com','mantequilla'),(87,'Armando ','Escalera Vasquez','escaleravasquez@gmail.com','mantequilla'),(88,'Marco ','Escobar Seleme','escobarseleme@gmail.com','mantequilla'),(89,'Jenny','Espinoza Alcocer','espinozaalcocer@gmail.com','mantequilla'),(90,'Jose ','Espinoza Orosco','espinozaorosco@gmail.com','mantequilla'),(91,'Ruben','Espinoza Orosco','espinozaorosco2@gmail.com','mantequilla'),(92,'Milton','Fernandez Calatayud','fernandezcalatayud@gmail.com','mantequilla'),(93,'Helder Octavio','Fernandez Guzman','fernandezguzman@gmail.com','mantequilla'),(94,'Juan A.','Fernandez Leon','fernandezleon@gmail.com','mantequilla'),(95,'David','Fernandez Ramos','fernandezramos@gmail.com','mantequilla'),(96,'Hugo William','Fernandez Rios','fernandezrios@gmail.com','mantequilla'),(97,'Erika','Fernandez Terrazas','fernandezterrazas@gmail.com','mantequilla'),(98,'Erick Vladimir','Ferrufino Guardia','ferrufinoguardia@gmail.com','mantequilla'),(99,'Americo','Fiorilo Lozada','fiorilolozada@gmail.com','mantequilla'),(100,'Oscar','Florero Ortuño','floreroortuño@gmail.com','mantequilla'),(101,'Freddy','Flores Flores','floresflores@gmail.com','mantequilla'),(102,'Hernan','Flores Garcia','floresgarcia@gmail.com','mantequilla'),(103,'Abraham','Flores Rios','floresrios@gmail.com','mantequilla'),(104,'Juan Marcelo','Flores Soliz','floressoliz@gmail.com','mantequilla'),(105,'Corina','Flores Villaroel','floresvillaroel@gmail.com','mantequilla'),(106,'Ivan ','Fuentes Miranda','fuentesmiranda@gmail.com','mantequilla'),(107,'Angel','Galarza Barron','galarzabarron@gmail.com','mantequilla'),(108,'Oscar Ricardo','Garcia Anturiano','garciaanturiano@gmail.com','mantequilla'),(109,'Juan Ruben','Garcia Molina','garciamolina@gmail.com','mantequilla'),(110,'Ana Lineth','Garcia Orellana','garciaorellana@gmail.com','mantequilla'),(111,'Carmen Rosa','Garcia Perez','garciaperez@gmail.com','mantequilla'),(112,'Rolando','Garnica Arostegui','garnicaarostegui@gmail.com','mantequilla'),(113,'Andres','Garrido Vargas','garridovargas@gmail.com','mantequilla'),(114,'Maria Esther','Giannini Zallocco','gianninizalloco@gmail.com','mantequilla'),(115,'Edgar','Goitia Arce','goitiaarce@gmail.com','mantequilla'),(116,'Oscar Javier','Goitia Arze','goitiaarze@gmail.com','mantequilla'),(117,'Guido','Gomez Ugarte','gomezugarte@gmail.com','mantequilla'),(118,'Nelson Emilio','Gomez Vargas','gomezvargas@gmail.com','mantequilla'),(119,'Raul Humberto','Gonzales Acosta','gonzalesacosta@gmail.com','mantequilla'),(120,'Andres Saul','Gonzales Amaya','gonzalesamaya@gmail.com','mantequilla'),(121,'Lucio','Gonzales Cartagena','gonzalescartagena@gmail.com','mantequilla'),(122,'Carlos Esteban','Gonzales Castellon','gonzalescastellon@gmail.com','mantequilla'),(123,'Maria Estela','Grilo Salvatierra','grilosalvatierra@gmail.com','mantequilla'),(124,'Roxana ','Guillen Salvador','guillensalvador@gmail.com','mantequilla'),(125,'Osvaldo Walter','Gutierrez Andrade','gutierrezandrade@gmail.com','mantequilla'),(126,'Victor','Gutierrez Martinez','gutierrezmartinez@gmail.com','mantequilla'),(127,'Gerardo','Guzman Alanes','guzmanalanes@gmail.com','mantequilla'),(128,'Gonzalo Enrique Antonio','Guzman Orellana','guzmanorellana@gmail.com','mantequilla'),(129,'Rocio','Guzman Saavedra','guzmansaavedra@gmail.com','mantequilla'),(130,'Hector Orlando','Guzman Suarez','guzmansuarez@gmail.com','mantequilla'),(131,'Adelina','Herbas Angulo','herbasangulo@gmail.com','mantequilla'),(132,'Boris Christian','Herbas Torrico','herbastorrico@gmail.com','mantequilla'),(133,'Marcelo Waldo','Heredia Gomez','herediagomez@gmail.com','mantequilla'),(134,'Wilson','Heredia Soliz','herediasoliz@gmail.com','mantequilla'),(135,'Mary Isabel','Hidalgo Sanchez','hidalgosanchez@gmail.com','mantequilla'),(136,'Nelson','Hinojosa Salazar','hinojosasalazar@gmail.com','mantequilla'),(137,'Marcelo Jose','Hinojosa Torrico','hinojosatorrico@gmail.com','mantequilla'),(138,'Mauricio','Hoepfner Reynolds','hoepfnerreynolds@gmail.com','mantequilla'),(139,'Ronald','Hosse Sahonero','hossesahonero@gmail.com','mantequilla'),(140,'Mercedes','Iriarte Puña','iriartepuña@gmail.com','mantequilla'),(141,'Hernan ','Jaldin Florero','jaldinflorero@gmail.com','mantequilla'),(142,'K. Rolando','Jaldin Rosales','jaldinrosales@gmail.com','mantequilla'),(143,'Juan','Jaldin Salazar','jaldinsalazar@gmail.com','mantequilla'),(144,'Maria Ivonne','Jauregui Carrasco','jaureguicarrasco@gmail.com','mantequilla'),(145,'Carlos Gaston','Joffre Lara','joffrelara@gmail.com','mantequilla'),(146,'Demetrio','Juchani Bazualdo','juchanibazualdo@gmail.com','mantequilla'),(147,'Valentin','Laime Zapata','laimezapata@gmail.com','mantequilla'),(148,'Wilhelm Eduardo','Lange Gonzales','langegonzales@gmail.com','mantequilla'),(149,'Patricia Sandra','Lazarte Astulla','lazarteastulla@gmail.com','mantequilla'),(150,'Luis ','Lazarte Villaroel','lazartevillaroel@gmail.com','mantequilla'),(151,'Fernando Arturo','Ledezma Perizza','ledezmaperizza@gmail.com','mantequilla'),(152,'Gualberto','Leon Romero','leonromero@gmail.com','mantequilla'),(153,'Tito Anibal','Lima Vacaflor','limavacaflor@gmail.com','mantequilla'),(154,'Edgar ','Llave Vincenti','llavevincenti@gmail.com','mantequilla'),(155,'Javier Bernardo','Lopez Arze','lopezarze@gmail.com','mantequilla'),(156,'Maria Alicia','Lopez Lopez','lopezlopez@gmail.com','mantequilla'),(157,'Grover Dante','Lopez Loredo','lopezloredo@gmail.com','mantequilla'),(158,'Marcelo Javier','Lucano Lucano','lucanolucano@gmail.com','mantequilla'),(159,'Mabel Gloria','Magariños Villaroel','magariñosvillaroel@gmail.com','mantequilla'),(160,'Raul','Maldonado Cespedes','maldonadocespedes@gmail.com','mantequilla'),(161,'Eliana Mirtha','Maldonado Gutierrez','maldonadogutierrez@gmail.com','mantequilla'),(162,'Pascual','Maldonado Lopez','maldonadolopez@gmail.com','mantequilla'),(163,'Mabel','Maldonado Maldonado','maldonadomaldonado@gmail.com','mantequilla'),(164,'Roberto Juan','Manchego Castellon','manchegocastellon@gmail.com','mantequilla'),(165,'Juvenal','Manzaneda Mamani','manzanedamamani@gmail.com','mantequilla'),(166,'Carlos B.','Manzur Soria','manzursoria@gmail.com','mantequilla'),(167,'Amilcar Saul','Martinez Maida','martinezmaida@gmail.com','mantequilla'),(168,'Vidal','Matias Marca','matiasmarca@gmail.com','mantequilla'),(169,'Julio','Medina Gamboa','medinagamboa@gmail.com','mantequilla'),(170,'Ruder','Medrano Antezana','medranoantezana@gmail.com','mantequilla'),(171,'Nora','Medrano Mercado','medranomercado@gmail.com','mantequilla'),(172,'Victor Ramiro','Mejia Urquieta','mejiaurquieta@gmail.com','mantequilla'),(173,'Roberto','Mendez Torrico','mendeztorrico@gmail.com','mantequilla'),(174,'Ivan','Mendez Velasquez','mendezvelasquez@gmail.com','mantequilla'),(175,'Sonia','Mendieta Brito','mendietabrito@gmail.com','mantequilla'),(176,'Alvaro Rodolfo','Mercado Guzman','mercadoguzman@gmail.com','mantequilla'),(177,'Reinaldo','Merida Lopez','meridalopez@gmail.com','mantequilla'),(178,'Jose','Meruvia Meruvia','meruviameruvia@gmail.com','mantequilla'),(179,'Felix','Meza Rosso','mezarosso@gmail.com','mantequilla'),(180,'Ana Maria','Michel Vargas','michelvargas@gmail.com','mantequilla'),(181,'Juan Francisco','Montaño Anaya','montañoanaya@gmail.com','mantequilla'),(182,'Sergio Arnaldo','Montaño Medina','montañomedina@gmail.com','mantequilla'),(183,'Rosario','Montaño Merida','montañomerida@gmail.com','mantequilla'),(184,'Victor Hugo','Montaño Quiroga','montañoquiroga@gmail.com','mantequilla'),(185,'Marco Antonio','Montecinos Choque','montecinoschoque@gmail.com','mantequilla'),(186,'Luis Edgar','Montenegro Terrazas','montenegroterrazas@gmail.com','mantequilla'),(187,'Juan Jose Edgar','Montero Guevara','monteroguevara@gmail.com','mantequilla'),(188,'Yony Richard','Montoya Burgos','montoyaburgos@gmail.com','mantequilla'),(189,'Andres ','Morales Maldonado','moralesmaldonado@gmail.com','mantequilla'),(190,'Oscar','Morato Gamboa','moratogamboa@gmail.com','mantequilla'),(191,'Rene ','Moreira Calizaya','moreiracalizaya@gmail.com','mantequilla'),(192,'Boris Arturo','Moreira Rosas','moreirarosas@gmail.com','mantequilla'),(193,'Martin','Moya Albarracin','moyaalbarracin@gmail.com','mantequilla'),(194,'Hans Cristian','Muller Santa Cruz','mullersantacruz@gmail.com','mantequilla'),(195,'Maria Susana Del Rosario','Muñoz Collazos','muñozcollazos@gmail.com','mantequilla'),(196,'Vladimir Felix','Muñoz Quispe','muñozquispe@gmail.com','mantequilla'),(197,'Galo Osvaldo','Muñoz Vasquez','muñozvasquez@gmail.com','mantequilla'),(198,'Freddy ','Navarro Antezana','navarroantezana@gmail.com','mantequilla'),(199,'Jose Gil','Omonte Ojalvo','omonteojalvo@gmail.com','mantequilla'),(200,'Jose Roberto','Omonte Ojalvo','omonteojalvo2@gmail.com','mantequilla'),(201,'Carla ','Oporto','oporto@gmail.com','mantequilla'),(202,'Miguel Angel','Ordoñez Salvatierra','ordoñezsalvatierra@gmail.com','mantequilla'),(203,'Jorge Walter','Orellana Araoz','orellanaaraoz@gmail.com','mantequilla'),(204,'Jaime ','Orellana Jimenez','orellanajimenez@gmail.com','mantequilla'),(205,'Hernan ','Orsi Saldias','orsisaldias@gmail.com','mantequilla'),(206,'Roberto','Pacheco Garcia','pachecogarcia@gmail.com','mantequilla'),(207,'Juan Fernando','Pardo Iriarte','pardoiriarte@gmail.com','mantequilla'),(208,'Ronald Edgar','Patiño Tito','patiñotito@gmail.com','mantequilla'),(209,'Magda Lena','Peeters Ilonaa','peetersilonaa@gmail.com','mantequilla'),(210,'Jose Luis ','Perez Aparicio','perezaparicio@gmail.com','mantequilla'),(211,'Jose Roberto','Perez Cespedes','perezcespedes@gmail.com','mantequilla'),(212,'Maribel','Perez Chacon','perezchacon@gmail.com','mantequilla'),(213,'Omar David','Perez Fuentes','perezfuentes@gmail.com','mantequilla'),(214,'Gustavo Adolfo','Perez Parra','perezparra@gmail.com','mantequilla'),(215,'Yuri German','Perez Peredo','perezperedo@gmail.com','mantequilla'),(216,'Daysi Del Rosario','Perez Rea','perezrea@gmail.com','mantequilla'),(217,'Jose Carlos','Perez Zubieta','perezzubieta@gmail.com','mantequilla'),(218,'Alfredo','Pericon Balderrama','periconbalderrama@gmail.com','mantequilla'),(219,'Mauricio Luis','Ponce Del Leon','poncedelleon@gmail.com','mantequilla'),(220,'Leyton Jorge','Quillaguaman','quillaguaman@gmail.com','mantequilla'),(221,'Abdon','Quiroz Chavez','quirozchavez@gmail.com','mantequilla'),(222,'Santiago','Relos Paco','pelospaco@gmail.com','mantequilla'),(223,'Luz Maya','Revollo Teran','revolloteran@gmail.com','mantequilla'),(224,'Gaston Gil','Rioja Cardenas','riojacardenas@gmail.com','mantequilla'),(225,'Juan','Rios Del Prado','riosdelprado@gmail.com','mantequilla'),(226,'Mirtha Judith','Rivero Lujan','riverolujan@gmail.com','mantequilla'),(227,'Felix Rustan','Roca Subirana','rocasubirana@gmail.com','mantequilla'),(228,'Juan Carlos','Rocha Cuadros','rochacuadros@gmail.com','mantequilla'),(229,'German','Rocha Maldonado','rochamaldonado@gmail.com','mantequilla'),(230,'Edwin Augusto','Rocha Triveño','rochatriveño@gmail.com','mantequilla'),(231,'Erika Patricia','Rodriguez Bilbao','rodriguezbilbao@gmail.com','mantequilla'),(232,'Juan Carlos','Rodriguez Ostria','rodriguezostria@gmail.com','mantequilla'),(233,'Carlos Alberto','Rodriguez Ramirez','rodriguezramirez@gmail.com','mantequilla'),(234,'Gabriel','Rodriguez Roca','rodriguezroca@gmail.com','mantequilla'),(235,'Juan Antonio','Rodriguez Sejas','rodriguezsejas@gmail.com','mantequilla'),(236,'Helmer Jimy','Rodriguez Soriano','rodriguezsoriano@gmail.com','mantequilla'),(237,'Cinthia Carola','Rojas Arnez','rojasarnez@gmail.com','mantequilla'),(238,'Jenny','Rojas Cespedes','rojascespedes@gmail.com','mantequilla'),(239,'Maria Fernanda','Rojas Michaga','rojasmichaga@gmail.com','mantequilla'),(240,'Hugo ','Rojas Salinas','rojassalinas@gmail.com','mantequilla'),(241,'Ramiro','Rojas Zurita','rojaszurita@gmail.com','mantequilla'),(242,'Manuel Fdo.','Roman Arispe','romanarispe@gmail.com','mantequilla'),(243,'Raul','Romero Encinas','romeroencinas@gmail.com','mantequilla'),(244,'Ana Maria','Romero Jaldin','romerojaldin@gmail.com','mantequilla'),(245,'Patricia','Romero Rodriguez','romerorodriguez@gmail.com','mantequilla'),(246,'Olga ','Ruiz Betancur','ruizbetancur@gmail.com','mantequilla'),(247,'Ivan','Ruiz Ucumari','ruizucumari@gmail.com','mantequilla'),(248,'Felipe Ramiro','Saavedra Antezana','saavedraantezana@gmail.com','mantequilla'),(249,'Oscar','Saca Ventura','sacaventura@gmail.com','mantequilla'),(250,'Ricardo','Sahonero Irahola','sahoneroirahola@gmail.com','mantequilla'),(251,'Rosemary','Salazar Anaya','salazaranaya@gmail.com','mantequilla'),(252,'Carla','Salazar Serrudo','salazarserrudo@gmail.com','mantequilla'),(253,'Luis Mauricio','Salinas Pereira','salinaspereira@gmail.com','mantequilla'),(254,'Walter Oscar Gonzalo','Salinas Pericon','salinaspericon@gmail.com','mantequilla'),(255,'Arturo','Saramani Aguilar','saramaniaguilar@gmail.com','mantequilla'),(256,'Ariel Antonio','Sarmiento Franco','sarmientofranco@gmail.com','mantequilla'),(257,'Angelica','Severiche Chacon','severichechacon@gmail.com','mantequilla'),(258,'Galina','Shitikov Gagarina','shitikovgagarina@gmail.com','mantequilla'),(259,'Rene Fernando','Soliz Martinez','solizmartinez@gmail.com','mantequilla'),(260,'Jose Antonio','Soruco Maita','sorucomaita@gmail.com','mantequilla'),(261,'Juan Carlos','Soto Moreira','sotomoreira@gmail.com','mantequilla'),(262,'Jose Roberto','Soto Soliz','sotosoliz@gmail.com','mantequilla'),(263,'Cesar Martin','Suarez Suarez','suarezsuarez@gmail.com','mantequilla'),(264,'Fidel','Taborga Acha','taborgaacha@gmail.com','mantequilla'),(265,'Jose Felix','Tancara Sandagorda','tancarasandagorda@gmail.com','mantequilla'),(266,'Darlong Howard','Taylor Terrazas','taylorterrazas@gmail.com','mantequilla'),(267,'Rodolfo Raul','Teran Aiza','teranaiza@gmail.com','mantequilla'),(268,'Juan','Terrazas Lobo','terrazaslobo@gmail.com','mantequilla'),(269,'Israel','Terrazas Maldonado','terrazasmaldonado@gmail.com','mantequilla'),(270,'Juan Carlos','Terrazas Vargas','terrazasvargas@gmail.com','mantequilla'),(271,'Julio Marcelo','Torrejon Rocabado','torrejonrocabado@gmail.com','mantequilla'),(272,'Epifanio Julio','Torres Navarro','torresnavarro@gmail.com','mantequilla'),(273,'Raul Wilder','Torrez Pelaez','torrezpelaez@gmail.com','mantequilla'),(274,'Edwin Teofilo','Torrez Quinteros','torrezquiteros@gmail.com','mantequilla'),(275,'Norman','Torrico Barron','torricobarron@gmail.com','mantequilla'),(276,'Rosemary','Torrico Bascope','torricobascope@gmail.com','mantequilla'),(277,'Rene','Torrico Mejia','torricomejia@gmail.com','mantequilla'),(278,'Milka Monica','Torrico Troche','torricotroche@gmail.com','mantequilla'),(279,'Sonia ','Torrico Vallejos','torricovallejos@gmail.com','mantequilla'),(280,'Ingrid Vicky','Trigo Rocha','trigorocha@gmail.com','mantequilla'),(281,'Pedro','Triveno Herrera','trivenoherrera@gmail.com','mantequilla'),(282,'Wilson Orlando','Trujillo Aranibar','trujilloaranibar@gmail.com','mantequilla'),(283,'Felix','Ugarte Cejas','ugartecejas@gmail.com','mantequilla'),(284,'Edwin Claudio','Ureña Perez','ureñaperez@gmail.com','mantequilla'),(285,'Mario','Urey Contreras','ureycontreras@gmail.com','mantequilla'),(286,'Jose A.','Urrutia Medrano','urrutiamedrano@gmail.com','mantequilla'),(287,'Jose Gabriel','Urrutia Zelada','urrutiazelada@gmail.com','mantequilla'),(288,'Victor Rene','Ustariz Aramayo','ustarizaramayo@gmail.com','mantequilla'),(289,'Hernan','Ustaris Vargas','ustarisvargas@gmail.com','mantequilla'),(290,'Roberto','Valenzuela Miranda','valenzuelamiranda@gmail.com','mantequilla'),(291,'Marco Antonio','Vallejo Camacho','vallejocamacho@gmail.com','mantequilla'),(292,'Ademar Marcelo','Vargas Antezana','vargasantezana@gmail.com','mantequilla'),(293,'Aidee','Vargas Colque','vargascolque@gmail.com','mantequilla'),(294,'Emir Felix','Vargas Peredo','vargasperedo@gmail.com','mantequilla'),(295,'Carlos Alberto','Vargas Quiroz','vargasquiroz@gmail.com','mantequilla'),(296,'Juan Carlos','Vargas Reinaga','vargasreinaga@gmail.com','mantequilla'),(297,'Luz Virginia','Vargas Vallejos','vargasvallejos@gmail.com','mantequilla'),(298,'Michael Huascar','Vasquez Carrillo','vasquezcarrillo@gmail.com','mantequilla'),(299,'Wilfredo','Vega Alfaro','vegaalfaro@gmail.com','mantequilla'),(300,'Carlos Alberto','Vera Cortes','veracortes@gmail.com','mantequilla'),(301,'Luis Antonio','Vilaseca Gamarra','vilasecagamarra@gmail.com','mantequilla'),(302,'Gilarmando','Villaroel','villaroel@gmail.com','mantequilla'),(303,'Jimmy','Villaroel Novillo','villaroelnovillo@gmail.com','mantequilla'),(304,'Henry Frank','Villaroel Tapia','villaroeltapia@gmail.com','mantequilla'),(305,'Mauricio Florencio','Villazon Gomez','villazongomez@gmail.com','mantequilla'),(306,'Yamir','Villazon Rocha','villazonrocha@gmail.com','mantequilla'),(307,'Marco Antonio','Viscarra Vargas','viscarravargas@gmail.com','mantequilla'),(308,'Oscar A. ','Zabalaga Montaño','zabalagamontaño@gmail.com','mantequilla'),(309,'Mario Grover','Zalles Medrano','zallesmedrano@gmail.com','mantequilla'),(310,'Jhomil Efrain','Zambrana Burgos','zambranaburgos@gmail.com','mantequilla'),(311,'Jose Eduardo','Zambrana Montan','zambranamontan@gmail.com','mantequilla'),(312,'Jorge','Zambrana Vilar','zambranavilar@gmail.com','mantequilla'),(313,'Maria E.','Zapata Schultze','zapataschltze@gmail.com','mantequilla'),(314,'Luis Roberto','Zegarra Dorado','zegarradorado@gmail.com','mantequilla'),(315,'Rimer Mauricio','Zurita Orellana','zuritaorellana@gmail.com','mantequilla');
/*!40000 ALTER TABLE `gestiondb_docente` ENABLE KEYS */;
UNLOCK TABLES;

--
-- Table structure for table `gestiondb_grupo`
--

DROP TABLE IF EXISTS `gestiondb_grupo`;
/*!40101 SET @saved_cs_client     = @@character_set_client */;
/*!50503 SET character_set_client = utf8mb4 */;
CREATE TABLE `gestiondb_grupo` (
  `id` bigint NOT NULL AUTO_INCREMENT,
  `Cod_Docente_id` bigint DEFAULT NULL,
  `Cod_Materia_id` bigint DEFAULT NULL,
  `Cant_Inscritos` int DEFAULT NULL,
  `Cod_Grupo` varchar(60) DEFAULT NULL,
  PRIMARY KEY (`id`),
  KEY `GestionDB_grupo_Cod_Docente_id_80104cf4_fk_GestionDB_docente_id` (`Cod_Docente_id`),
  KEY `GestionDB_grupo_Cod_Materia_id_cfc732f3_fk_GestionDB_materia_id` (`Cod_Materia_id`),
  CONSTRAINT `GestionDB_grupo_Cod_Docente_id_80104cf4_fk_GestionDB_docente_id` FOREIGN KEY (`Cod_Docente_id`) REFERENCES `gestiondb_docente` (`id`),
  CONSTRAINT `GestionDB_grupo_Cod_Materia_id_cfc732f3_fk_GestionDB_materia_id` FOREIGN KEY (`Cod_Materia_id`) REFERENCES `gestiondb_materia` (`id`)
) ENGINE=InnoDB AUTO_INCREMENT=780788 DEFAULT CHARSET=utf8mb4 COLLATE=utf8mb4_0900_ai_ci;
/*!40101 SET character_set_client = @saved_cs_client */;

--
-- Dumping data for table `gestiondb_grupo`
--

LOCK TABLES `gestiondb_grupo` WRITE;
/*!40000 ALTER TABLE `gestiondb_grupo` DISABLE KEYS */;
INSERT INTO `gestiondb_grupo` VALUES (1,1,1,40,'01'),(2,1,2,40,'01'),(3,1,3,60,'05'),(4,1,4,50,'01'),(5,1,5,70,'04'),(6,1,6,80,'02'),(7,1,4,60,'05'),(8,1,2,15,'ME'),(9,1,1,15,'ME'),(10,2,2,55,'03'),(11,2,7,10,'ME'),(12,2,7,60,'01'),(13,2,8,70,'01'),(14,2,8,15,'ME'),(15,2,9,80,'E1'),(16,2,9,70,'F2'),(17,2,10,75,'D2'),(18,2,9,75,'E3'),(19,2,11,60,'D2'),(20,2,10,50,'C1'),(21,2,9,85,'F1'),(22,2,11,58,'C1'),(23,3,12,70,'01'),(24,3,13,60,'01'),(25,3,14,55,'01'),(26,3,15,45,'01'),(27,4,16,90,'02'),(28,4,17,20,'ME'),(29,4,17,95,'01'),(30,5,18,40,'14'),(31,6,19,45,'01'),(32,6,19,15,'ME'),(33,6,20,50,'01'),(34,6,21,60,'01'),(35,6,21,12,'ME'),(36,6,22,90,'01'),(37,6,23,105,'01'),(38,7,24,110,'01'),(39,7,25,70,'01'),(40,7,25,20,'ME'),(41,7,24,9,'ME'),(42,6,26,35,'01'),(43,7,27,70,'01'),(44,7,27,25,'ME'),(45,7,28,56,'01'),(46,7,28,75,'ME'),(47,7,29,87,'01'),(48,7,29,17,'ME'),(49,7,30,85,'01'),(50,7,31,84,'01'),(51,7,32,36,'01'),(52,7,33,95,'01'),(53,7,34,79,'01'),(54,7,35,69,'01'),(55,7,36,73,'01'),(56,7,37,82,'01'),(57,7,38,45,'01'),(58,7,39,48,'01'),(59,7,40,52,'01'),(60,7,41,48,'01'),(61,8,42,45,'01'),(62,8,42,13,'ME'),(63,8,43,85,'01'),(64,8,44,91,'01'),(65,8,45,20,'ME'),(66,8,45,63,'01'),(67,8,46,52,'01'),(68,9,47,120,'R4'),(69,9,48,100,'R4'),(70,9,49,90,'L2'),(71,10,50,30,'04'),(72,10,51,25,'04'),(73,10,52,28,'04'),(74,10,53,64,'01'),(75,11,54,50,'02'),(76,11,54,69,'01'),(77,11,54,62,'ME'),(78,12,55,58,'03'),(79,12,56,105,'02'),(80,12,56,40,'ME'),(81,12,57,89,'02'),(82,12,58,75,'01'),(83,13,59,45,'02'),(84,13,60,70,'01'),(85,13,61,80,'01'),(86,13,62,45,'01'),(87,14,63,40,'02'),(88,14,64,35,'02'),(89,14,65,50,'01'),(90,14,66,60,'01'),(91,15,67,60,'11'),(92,15,67,40,'06'),(93,15,68,50,'08'),(94,15,68,49,'06'),(95,15,69,55,'01'),(96,15,70,18,'ME'),(97,15,70,60,'01'),(98,16,71,75,'03'),(99,16,72,57,'03'),(100,16,73,82,'02'),(101,16,74,47,'01'),(102,17,75,16,'ME'),(103,17,75,76,'01'),(104,17,76,53,'01'),(105,18,77,80,'01'),(106,18,77,25,'ME'),(107,18,78,85,'01'),(108,18,78,25,'ME'),(109,18,77,86,'02'),(110,18,78,85,'02'),(111,18,79,23,'ME'),(112,18,79,45,'01'),(113,19,80,60,'01'),(114,20,81,53,'01'),(115,20,82,59,'01'),(116,21,83,40,'03'),(117,21,84,35,'03'),(118,21,85,57,'03'),(119,21,85,46,'01'),(120,21,86,37,'03'),(121,21,87,47,'03'),(122,22,88,75,'01'),(123,22,89,35,'01'),(124,22,90,57,'01'),(125,23,91,56,'03'),(126,23,91,35,'02'),(127,23,92,86,'03'),(128,23,92,45,'M1'),(129,23,92,46,'02'),(130,23,93,75,'03'),(131,23,93,75,'M1'),(132,23,93,54,'02'),(133,23,94,20,'ME'),(134,23,95,35,'M2'),(135,23,96,35,'M2'),(136,23,97,35,'M1'),(137,23,98,65,'M2'),(138,24,99,54,'02'),(139,24,100,75,'02'),(140,24,101,34,'02'),(141,24,102,13,'ME'),(142,24,102,24,'01'),(143,24,103,56,'03'),(144,24,104,75,'01'),(145,24,104,13,'ME'),(146,24,105,18,'ME'),(147,24,105,75,'01'),(148,24,106,14,'ME'),(149,24,106,67,'01'),(150,25,103,43,'04'),(151,25,107,56,'01'),(152,25,107,25,'ME'),(153,25,67,56,'10'),(154,25,67,45,'09'),(155,25,108,63,'01'),(156,26,109,43,'01'),(157,26,109,38,'02'),(158,26,110,58,'02'),(159,26,110,9,'ME'),(160,26,110,70,'01'),(161,26,111,90,'02'),(162,26,112,100,'02'),(163,26,113,87,'01'),(164,27,114,54,'01'),(165,27,97,68,'06'),(166,27,97,70,'04'),(167,28,115,23,'ME'),(168,28,115,86,'01'),(169,29,50,45,'01'),(170,29,51,65,'01'),(171,29,50,56,'01'),(172,29,116,54,'01'),(173,29,116,13,'ME'),(174,29,117,75,'01'),(175,29,118,20,'ME'),(176,29,118,67,'01'),(177,29,119,72,'01'),(178,29,120,45,'01'),(179,29,121,36,'01'),(180,29,121,47,'02'),(181,29,122,86,'02'),(182,29,122,24,'ME'),(183,29,122,90,'01'),(184,29,123,68,'01'),(185,29,123,67,'02'),(186,29,124,56,'01'),(187,30,125,98,'01'),(188,31,126,69,'01'),(189,31,127,26,'ME'),(190,31,127,89,'01'),(191,32,128,82,'01'),(192,32,129,17,'ME'),(193,32,129,100,'01'),(194,32,130,45,'01'),(195,33,131,65,'01'),(196,33,131,12,'ME'),(197,33,132,45,'01'),(198,33,132,4,'ME'),(199,33,133,65,'01'),(200,33,133,5,'ME'),(201,34,134,15,'03'),(202,34,135,10,'02'),(203,34,136,30,'02'),(204,34,137,35,'02'),(205,34,138,20,'02'),(206,35,139,40,'01'),(207,35,139,10,'ME'),(208,35,140,46,'01'),(209,35,141,54,'01'),(210,36,142,25,'01'),(211,37,143,38,'01'),(212,37,143,5,'ME'),(213,37,144,65,'01'),(214,37,44,14,'ME'),(215,38,145,58,'01'),(216,39,146,49,'01'),(217,40,147,40,'02'),(218,40,148,36,'02'),(219,40,148,30,'04'),(220,41,149,34,'01'),(221,41,149,14,'ME'),(222,41,150,10,'ME'),(223,41,150,65,'01'),(224,41,151,20,'ME'),(225,41,151,100,'02'),(226,41,152,24,'ME'),(227,41,153,69,'01'),(228,41,153,23,'ME'),(229,42,154,5,'ME'),(230,42,154,60,'01'),(231,42,1,40,'02'),(232,42,2,30,'02'),(233,42,155,100,'03'),(234,42,155,120,'02'),(235,42,155,30,'ME'),(236,42,156,25,'ME'),(237,42,157,120,'02'),(238,42,157,100,'03'),(239,42,158,80,'02'),(240,42,159,80,'02'),(241,42,458,15,'02'),(242,42,400,20,'02'),(243,43,160,53,'01'),(244,43,160,17,'ME'),(245,43,161,59,'01'),(246,43,161,4,'ME'),(247,44,162,89,'3A'),(248,44,163,76,'3A'),(249,44,164,79,'6A'),(250,44,165,73,'03'),(251,44,166,54,'02'),(252,44,166,45,'01'),(253,44,166,20,'ME'),(254,44,167,12,'ME'),(255,44,167,47,'02'),(256,44,167,50,'01'),(257,44,168,60,'01'),(258,44,168,15,'ME'),(259,44,169,68,'01'),(260,45,170,55,'01'),(261,45,170,9,'ME'),(262,45,67,50,'02'),(263,45,67,42,'04'),(264,46,171,52,'01'),(265,46,172,35,'02'),(266,47,173,64,'01'),(267,47,173,17,'ME'),(268,47,174,68,'01'),(269,47,174,14,'ME'),(270,48,175,50,'02'),(271,48,176,40,'02'),(272,48,177,80,'01'),(273,48,178,60,'01'),(274,48,147,30,'01'),(275,48,148,40,'01'),(276,49,179,10,'ME'),(277,49,179,20,'01'),(278,49,180,10,'ME'),(279,49,180,28,'01'),(280,49,181,37,'01'),(281,49,181,12,'ME'),(282,50,182,46,'02'),(283,50,183,64,'01'),(284,51,184,54,'03'),(285,51,185,64,'03'),(286,51,186,35,'03'),(287,51,187,44,'01'),(288,51,188,45,'02'),(289,51,188,46,'ME'),(290,51,189,43,'01'),(291,52,190,14,'ME'),(292,52,190,56,'01'),(293,52,191,35,'01'),(294,52,191,5,'ME'),(295,53,192,32,'01'),(296,53,193,35,'01'),(297,53,194,54,'01'),(298,53,195,45,'01'),(299,53,195,13,'ME'),(300,53,196,35,'01'),(301,53,196,10,'ME'),(302,53,197,65,'01'),(303,53,198,40,'03'),(304,53,199,42,'03'),(305,54,200,43,'02'),(306,54,201,65,'01'),(307,54,201,13,'ME'),(308,55,202,38,'05'),(309,55,203,65,'05'),(310,55,203,75,'M1'),(311,55,204,45,'06'),(312,55,205,45,'05'),(313,55,206,45,'2A'),(314,55,207,87,'M1'),(315,55,208,54,'05'),(316,55,209,86,'2A'),(317,55,210,30,'15'),(318,55,211,45,'02'),(319,55,211,64,'M1'),(320,55,212,43,'M1'),(321,55,212,87,'02'),(322,55,213,36,'01'),(323,55,214,46,'01'),(324,55,215,69,'02'),(325,55,216,65,'01'),(326,55,216,12,'ME'),(327,55,217,9,'ME'),(328,55,217,35,'01'),(329,55,218,9,'ME'),(330,55,218,53,'01'),(331,55,219,75,'01'),(332,55,220,35,'01'),(333,55,220,8,'ME'),(334,56,221,53,'01'),(335,56,221,8,'ME'),(336,56,222,35,'01'),(337,56,222,5,'ME'),(338,57,223,59,'01'),(339,58,6,32,'02'),(340,58,224,56,'01'),(341,58,224,45,'02'),(342,58,225,67,'01'),(343,58,225,36,'02'),(344,58,226,46,'02'),(345,58,227,34,'01'),(346,58,18,24,'01'),(347,59,228,57,'C'),(348,59,229,47,'C'),(349,59,230,57,'C'),(350,59,49,67,'H2'),(351,59,47,59,'R2'),(352,59,231,45,'H2'),(353,59,231,65,'H'),(354,59,9,54,'E4'),(355,59,233,87,'C4'),(356,59,233,89,'C6'),(357,59,233,94,'C5'),(358,59,233,35,'ME'),(359,59,232,65,'A'),(360,60,185,40,'04'),(361,60,234,53,'02'),(362,60,164,70,'07'),(363,60,162,34,'3B'),(364,60,235,46,'07'),(365,60,163,56,'3B'),(366,60,236,50,'3A'),(367,61,237,86,'ME'),(368,61,237,76,'01'),(369,61,238,57,'01'),(370,61,238,95,'02'),(371,61,238,34,'ME'),(372,61,239,87,'05'),(373,61,239,57,'01'),(374,61,239,35,'ME'),(375,61,239,86,'02'),(376,61,241,65,'01'),(377,61,241,26,'ME'),(378,61,242,45,'01'),(379,61,238,34,'05'),(380,61,243,16,'ME'),(381,61,243,46,'01'),(382,62,244,64,'03'),(383,62,245,45,'03'),(384,62,246,65,'03'),(385,63,49,64,'I'),(386,63,49,34,'L'),(387,63,9,65,'F'),(388,63,56,57,'03'),(389,63,247,76,'01'),(390,63,248,43,'01'),(391,63,249,56,'01'),(392,63,250,35,'01'),(393,63,251,75,'01'),(394,64,255,45,'F5'),(395,64,230,64,'D2'),(396,64,252,35,'F5'),(397,64,253,65,'O'),(398,64,254,48,'O'),(399,64,228,57,'D2'),(400,64,49,42,'I4'),(401,64,49,54,'J4'),(402,64,229,23,'D2'),(403,64,261,45,'L1'),(404,64,262,35,'C'),(405,64,256,75,'L1'),(406,64,257,45,'C'),(407,64,258,35,'I4'),(408,64,259,76,'C'),(409,64,260,46,'I4'),(410,64,231,56,'F2'),(411,64,231,87,'M'),(412,64,267,45,'A2'),(413,64,263,36,'A2'),(414,64,264,76,'G1'),(415,64,265,45,'A2'),(416,64,266,35,'G1'),(417,65,270,45,'01'),(418,65,268,55,'01'),(419,65,268,28,'ME'),(420,65,269,89,'01'),(421,66,271,54,'01'),(422,66,272,76,'01'),(423,66,271,18,'ME'),(424,67,274,14,'ME'),(425,67,273,13,'ME'),(426,67,244,20,'ME'),(427,67,275,45,'03'),(428,67,275,36,'02'),(429,67,275,10,'ME'),(430,67,276,38,'02'),(431,68,277,45,'01'),(432,68,277,9,'ME'),(433,68,278,53,'01'),(434,68,278,43,'ME'),(435,68,279,29,'01'),(436,68,280,37,'01'),(437,68,281,29,'01'),(438,68,282,42,'ME'),(439,68,282,7,'01'),(440,68,283,39,'07'),(441,68,284,35,'02'),(442,68,285,43,'01'),(443,69,158,100,'10'),(444,69,159,70,'10'),(445,69,286,60,'ME'),(446,69,286,12,'01'),(447,70,287,54,'01'),(448,70,288,60,'01'),(449,70,288,10,'ME'),(450,70,289,54,'02'),(451,70,290,45,'02'),(452,71,252,45,'G4'),(453,71,252,36,'E5'),(454,71,252,36,'E4'),(455,71,252,78,'F4'),(456,71,255,45,'E5'),(457,71,255,65,'E4'),(458,71,255,78,'F4'),(459,71,255,45,'G4'),(460,71,266,53,'G4'),(461,71,264,45,'G4'),(462,72,291,76,'01'),(463,72,292,87,'01'),(464,72,186,61,'01'),(465,72,293,10,'ME'),(466,72,185,12,'ME'),(467,72,185,53,'01'),(468,72,294,6,'ME'),(469,72,294,45,'1A'),(470,72,295,24,'11'),(471,72,295,24,'09'),(472,72,296,28,'09'),(473,72,163,6,'ME'),(474,72,297,7,'ME'),(475,72,298,86,'09'),(476,72,298,5,'ME'),(477,72,298,43,'11'),(478,72,299,64,'11'),(479,72,299,6,'ME'),(480,72,299,43,'09'),(481,72,300,21,'ME'),(482,72,301,45,'11'),(483,72,302,54,'09'),(484,72,302,23,'ME'),(485,72,303,23,'11'),(486,72,304,17,'ME'),(487,72,305,33,'11'),(488,72,306,13,'01'),(489,72,307,56,'01'),(490,73,308,40,'01'),(491,73,308,35,'02'),(492,73,134,50,'01'),(493,73,134,60,'02'),(494,73,136,42,'01'),(495,73,137,56,'01'),(496,73,253,54,'M5'),(497,74,49,34,'H4'),(498,74,49,34,'I2'),(499,74,255,65,'G3'),(500,74,255,20,'ME'),(501,74,252,54,'G3'),(502,74,254,64,'M5'),(503,74,48,86,'R1'),(504,74,262,35,'C2'),(505,74,262,24,'B2'),(506,74,257,36,'C2'),(507,74,257,46,'B2'),(508,74,249,76,'C2'),(509,74,10,34,'D3'),(510,74,11,25,'D3'),(511,74,233,87,'E7'),(512,74,233,65,'E2'),(513,74,233,49,'E6'),(514,75,376,48,'03'),(515,75,377,56,'03'),(516,75,378,87,'03'),(517,76,379,56,'01'),(518,77,380,35,'5A'),(519,77,234,24,'2B'),(520,77,381,87,'12'),(521,77,215,57,'02'),(522,77,382,58,'03'),(523,77,383,43,'03'),(524,78,384,26,'01'),(525,78,384,4,'ME'),(526,78,384,24,'03'),(527,78,385,32,'01'),(528,79,386,30,'ME'),(529,79,386,98,'01'),(530,79,287,68,'01'),(531,80,204,54,'03'),(532,80,388,66,'06'),(533,80,389,45,'04'),(534,80,390,76,'13'),(535,80,391,54,'13'),(536,81,393,32,'01'),(537,81,51,54,'03'),(538,81,52,43,'03'),(539,82,71,45,'02'),(540,82,394,45,'03'),(541,82,395,53,'02'),(542,82,395,44,'01'),(543,82,396,34,'01'),(544,83,275,78,'01'),(545,83,397,80,'01'),(546,84,398,45,'02'),(547,84,398,76,'01'),(548,84,399,45,'01'),(549,85,400,30,'03'),(560,86,50,54,'02'),(561,86,52,75,'05'),(562,86,51,32,'05'),(563,86,51,65,'02'),(564,86,403,35,'02'),(565,86,401,66,'02'),(566,86,402,43,'02'),(567,87,404,43,'01'),(568,87,405,23,'01'),(569,87,406,43,'01'),(570,87,407,60,'01'),(571,87,408,74,'01'),(572,88,409,20,'ME'),(573,88,409,65,'01'),(574,88,410,21,'ME'),(575,88,410,87,'01'),(576,89,412,43,'04'),(577,89,413,56,'04'),(578,89,414,45,'01'),(579,89,415,87,'01'),(580,90,416,45,'01'),(581,90,417,76,'01'),(582,90,418,67,'01'),(583,90,166,85,'01'),(584,90,166,75,'02'),(585,90,167,54,'01'),(586,90,67,78,'07'),(587,91,99,45,'01'),(588,91,100,46,'01'),(589,91,101,34,'01'),(590,92,419,67,'01'),(591,92,420,65,'01'),(592,92,420,23,'ME'),(593,93,156,45,'04'),(594,93,156,57,'06'),(595,94,253,45,'Q'),(596,94,254,34,'F'),(597,94,255,76,'F'),(598,94,10,34,'D'),(599,94,11,76,'D'),(600,94,421,35,'01'),(601,95,423,54,'07'),(602,95,422,65,'07'),(603,95,215,79,'01'),(604,96,424,150,'02'),(605,96,424,30,'ME'),(606,96,425,46,'02'),(607,96,426,58,'02'),(608,96,426,10,'ME'),(609,97,427,54,'01'),(610,97,428,76,'01'),(611,97,429,83,'01'),(612,97,431,56,'01'),(613,97,431,9,'ME'),(614,98,432,57,'01'),(615,98,63,98,'05'),(616,98,64,60,'05'),(617,98,65,86,'05'),(618,99,433,54,'4A'),(619,99,434,63,'4A'),(620,99,435,87,'14'),(621,99,436,98,'14'),(622,99,437,45,'14'),(623,99,438,50,'04'),(624,99,439,54,'01'),(625,99,440,67,'01'),(626,99,441,87,'02'),(627,99,441,30,'ME'),(628,100,442,45,'02'),(629,100,443,77,'01'),(630,100,73,45,'01'),(631,100,73,10,'ME'),(632,101,230,48,'B4'),(633,101,228,45,'B4'),(634,101,229,65,'B4'),(635,101,48,72,'R3'),(636,101,247,48,'A3'),(637,101,259,54,'A3'),(638,101,262,64,'A3'),(639,101,264,72,'G3'),(640,101,233,49,'C'),(641,101,445,56,'ME'),(642,101,446,76,'01'),(643,102,380,58,'05'),(644,102,300,45,'08'),(645,102,294,39,'01'),(646,102,304,60,'08'),(647,102,448,38,'01'),(648,103,449,60,'01'),(649,104,450,40,'01'),(650,104,451,45,'01'),(651,104,147,35,'01'),(652,104,148,30,'01'),(653,105,452,46,'01'),(654,105,158,57,'07'),(655,105,159,50,'07'),(656,105,453,46,'02'),(657,105,454,38,'01'),(658,105,457,64,'06'),(659,105,458,20,'01'),(660,105,400,25,'01'),(661,106,228,45,'B'),(662,106,253,46,'O5'),(663,106,254,76,'O5'),(664,106,230,48,'B'),(665,106,49,58,'J'),(666,106,257,89,'B'),(667,106,261,100,'L2'),(668,106,530,35,'B4'),(669,106,233,120,'D'),(670,107,459,45,'01'),(671,107,460,50,'01'),(672,108,49,53,'K'),(673,108,231,57,'F'),(674,108,231,57,'F1'),(675,108,461,87,'D'),(676,108,461,54,'E1'),(677,108,56,56,'07'),(678,109,464,45,'01'),(679,109,274,86,'02'),(680,109,465,84,'02'),(681,109,466,77,'02'),(682,109,467,25,'ME'),(683,109,467,46,'02'),(684,110,468,56,'01'),(685,110,469,53,'01'),(686,110,469,12,'ME'),(687,111,470,55,'01'),(688,111,471,48,'01'),(689,111,472,14,'ME'),(690,111,472,34,'02'),(691,111,473,87,'03'),(692,111,474,45,'03'),(693,111,475,34,'01'),(694,111,476,76,'01'),(695,111,477,57,'03'),(696,112,478,80,'01'),(697,113,480,64,'01'),(698,113,480,66,'ME'),(699,113,480,34,'02'),(700,113,479,65,'01'),(701,113,479,54,'02'),(702,113,481,65,'01'),(703,113,481,20,'ME'),(704,113,482,86,'01'),(705,113,579,34,'02'),(706,114,483,47,'01'),(707,115,484,76,'01'),(708,115,485,74,'01'),(709,116,486,43,'01'),(710,116,487,39,'01'),(711,116,488,47,'01'),(712,117,489,54,'01'),(713,117,490,12,'ME'),(714,117,491,45,'01'),(715,117,493,76,'01'),(716,117,494,9,'ME'),(717,117,494,76,'02'),(718,118,273,40,'01'),(719,118,274,40,'01'),(720,119,294,54,'02'),(721,119,165,62,'3A'),(722,119,498,37,'05'),(723,119,499,40,'05'),(724,120,409,86,'03'),(725,121,381,45,'10 '),(726,121,380,57,'21'),(727,121,501,43,'ME'),(728,121,501,65,'01'),(729,121,503,64,'01'),(730,121,504,53,'01'),(731,121,505,64,'01'),(732,121,531,62,'02'),(733,121,532,29,'02'),(734,122,435,54,'18'),(735,122,437,65,'18'),(736,122,509,26,'01'),(737,122,510,90,'01'),(738,122,512,98,'01'),(739,122,513,100,'01'),(740,122,515,20,'01'),(741,123,239,100,'04'),(742,123,516,30,'ME'),(743,123,516,150,'01'),(744,124,517,87,'03'),(745,124,518,65,'03'),(746,125,519,55,'01'),(747,125,520,53,'ME'),(748,125,520,75,'01'),(749,125,521,25,'ME'),(750,125,521,85,'02'),(751,126,309,45,'M2'),(752,126,253,65,'M2'),(753,126,228,87,'B1'),(754,126,49,56,'J1'),(755,126,231,90,'H1'),(756,126,257,76,'B1'),(757,126,264,44,'H1'),(758,126,10,34,'C2'),(759,126,11,24,'D1'),(760,126,266,40,'G2'),(761,126,522,16,'ME'),(762,127,524,78,'01'),(763,127,526,45,'01'),(764,127,526,9,'ME'),(765,128,528,60,'03'),(766,128,528,55,'01'),(767,128,528,7,'ME'),(768,128,529,60,'02'),(769,129,252,87,'G2'),(770,129,253,95,'N5'),(771,129,49,46,'H5'),(772,129,261,98,'L4'),(773,129,259,68,'C3'),(774,129,231,70,'M3'),(775,129,11,64,'D4'),(776,129,9,67,'E2'),(777,129,133,43,'D4'),(778,129,133,67,'D5'),(779,129,133,53,'C2'),(782,129,133,43,'E5'),(783,129,530,55,'B2'),(784,130,531,54,'03'),(785,130,532,65,'03'),(786,130,533,47,'03'),(787,131,63,45,'01'),(788,131,64,56,'1'),(789,131,534,57,'01'),(790,131,534,12,'ME'),(791,132,535,70,'01'),(792,133,536,67,'01'),(793,134,538,45,'01'),(794,134,537,87,'02'),(795,135,539,45,'01'),(796,135,539,6,'ME'),(797,136,397,54,'01'),(798,136,397,5,'ME'),(799,137,540,75,'01'),(800,138,204,56,'01'),(801,138,234,90,'1A'),(802,138,541,53,'01'),(803,138,94,89,'01'),(804,138,96,100,'3B'),(805,139,531,56,'02'),(806,139,532,76,'02'),(807,139,542,98,'01'),(808,139,543,70,'ME'),(809,139,544,86,'01'),(810,140,545,86,'01'),(812,140,545,12,'ME'),(813,141,546,65,'ME'),(814,141,547,10,'01'),(815,141,548,45,'01'),(816,141,550,76,'ME'),(817,141,550,13,'01'),(818,142,438,30,'03'),(819,142,450,34,'02'),(820,142,451,45,'02'),(821,143,551,56,'01'),(822,143,551,10,'ME'),(823,144,552,56,'01'),(824,144,552,8,'ME'),(825,145,553,75,'01'),(826,145,554,16,'01'),(827,146,555,43,'01'),(828,146,555,13,'ME'),(829,146,381,65,'09'),(830,146,211,9,'ME'),(831,146,211,34,'02'),(832,146,556,6,'ME'),(833,146,558,49,'01'),(834,147,453,150,'03'),(835,148,223,20,'ME'),(836,148,561,89,'01'),(837,148,562,19,'ME'),(838,148,563,58,'01'),(839,149,483,69,'02'),(840,150,564,58,'02'),(841,150,565,67,'01'),(842,151,85,64,'02'),(843,151,85,16,'ME'),(844,151,171,34,'02'),(845,151,171,4,'ME'),(846,151,568,76,'01'),(847,152,389,89,'4A'),(848,152,388,97,'11'),(849,152,388,100,'14'),(850,152,392,120,'1A'),(851,153,569,68,'02'),(852,153,570,75,'M1'),(853,153,571,49,'02'),(854,154,57,90,'04'),(855,154,445,110,'01'),(856,155,572,76,'01'),(857,155,572,45,'02'),(858,156,412,87,'01'),(859,156,413,53,'01'),(860,157,394,67,'02'),(861,157,74,54,'03'),(862,157,573,76,'01'),(863,157,574,12,'ME'),(864,157,574,54,'01'),(865,158,253,76,'M1'),(866,158,253,98,'M3'),(867,158,254,65,'Q2'),(868,158,309,98,'M3'),(869,158,461,43,'E4'),(870,158,11,98,'D2'),(871,158,11,79,'E4'),(872,158,258,100,'I1'),(873,158,260,120,'I3'),(874,158,10,150,'D2'),(875,158,263,89,'B'),(876,158,265,80,'H2'),(877,158,266,79,'B'),(878,158,575,97,'I'),(879,158,233,86,'D1'),(880,158,233,57,'D2'),(881,158,233,84,'D3'),(882,159,86,93,'02'),(883,159,86,76,'04'),(884,159,112,89,'03'),(885,160,55,56,'01'),(886,161,532,89,'01'),(887,161,533,76,'01'),(888,162,289,46,'01'),(889,162,290,10,'ME'),(890,163,6,0,'00'),(891,164,594,58,'01'),(892,165,108,65,'01'),(893,166,668,120,'01'),(894,166,668,28,'ME'),(895,166,454,65,'02'),(896,166,455,87,'02'),(897,166,456,54,'02'),(898,167,163,100,'12'),(899,168,388,98,'09'),(900,168,300,76,'03'),(901,168,297,85,'05'),(902,169,422,23,'ME'),(903,169,423,26,'ME'),(904,169,517,14,'ME'),(905,169,579,67,'01'),(906,169,580,86,'01'),(907,169,578,30,'ME'),(908,169,577,35,'ME'),(909,170,378,76,'01'),(910,170,581,34,'01'),(911,170,582,22,'01'),(912,171,583,56,'01'),(913,172,84,56,'M1'),(914,172,84,47,'02'),(915,172,570,87,'03'),(916,173,584,67,'01'),(917,173,405,56,'01'),(918,174,586,87,'01'),(919,174,587,98,'01'),(920,174,570,67,'02'),(921,174,580,98,'02'),(922,175,64,56,'03'),(923,176,553,35,'02'),(924,176,553,8,'ME'),(925,177,526,97,'02'),(926,177,527,98,'02'),(927,178,394,56,'01'),(928,178,588,89,'01'),(929,178,588,46,'02'),(930,178,588,98,'03'),(931,178,588,10,'ME'),(932,179,589,21,'ME'),(933,179,590,56,'02'),(934,179,591,97,'01'),(935,179,592,56,'01'),(936,180,449,45,'03'),(937,181,289,24,'01'),(938,181,289,98,'03'),(939,181,290,54,'01'),(940,181,290,65,'02'),(941,181,290,24,'ME'),(942,182,281,87,'02'),(943,183,52,90,'02'),(944,184,158,120,'05'),(945,184,668,110,'02'),(946,184,455,100,'03'),(947,184,473,46,'02'),(948,184,477,8,'03'),(949,185,699,98,'02'),(950,185,700,67,'01'),(951,185,700,90,'02'),(952,185,700,20,'ME'),(953,186,679,89,'01'),(954,186,679,50,'02'),(955,187,416,87,'02'),(956,187,103,89,'03'),(957,187,591,90,'01'),(958,188,454,65,'05'),(959,188,455,78,'04'),(960,189,23,45,'03'),(961,190,198,76,'01'),(962,191,254,48,'P'),(963,191,259,40,'J'),(964,191,264,86,'H4'),(965,191,530,97,'D6'),(966,192,411,45,'06'),(967,192,97,150,'08'),(968,193,234,130,'03'),(969,194,677,67,'01'),(970,194,697,58,'ME'),(971,194,697,90,'02'),(972,194,698,34,'ME'),(973,194,698,89,'02'),(974,195,412,45,'06'),(975,195,94,82,'02'),(976,196,12,78,'03'),(977,196,13,90,'03'),(978,197,409,68,'01'),(979,198,161,90,'02'),(980,199,209,100,'01'),(981,199,389,87,'03'),(982,199,206,83,'01'),(983,199,380,62,'06'),(984,199,381,63,'08'),(985,200,577,65,'01'),(986,200,593,33,'01'),(987,200,593,56,'ME'),(988,200,594,79,'03'),(989,200,383,43,'01'),(990,200,596,56,'04'),(991,201,401,39,'01'),(992,201,402,65,'ME'),(993,201,403,48,'01'),(994,202,229,76,'A4'),(995,202,252,56,'N4'),(996,202,253,87,'P2'),(997,202,267,98,'B2'),(998,202,575,46,'F2'),(999,203,597,8,'ME'),(1000,203,597,98,'01'),(1001,203,599,67,'01'),(1002,203,599,10,'ME'),(1003,203,136,71,'01'),(1004,203,137,57,'01'),(1005,203,137,4,'ME'),(1006,204,4,89,'01'),(1007,204,283,78,'03'),(1008,205,601,56,'01'),(1009,205,602,45,'01'),(1010,206,603,87,'01'),(1011,206,604,9,'ME'),(1012,207,86,67,'01'),(1013,207,70,9,'ME'),(1014,208,390,65,'07'),(1015,208,391,23,'07'),(1016,209,239,65,'03'),(1017,209,238,87,'02'),(1018,209,238,53,'03'),(1019,209,239,25,'02'),(1020,209,239,46,'03'),(1021,209,238,48,'01'),(1022,209,238,12,'ME'),(1023,209,239,29,'01'),(1024,209,239,7,'ME'),(1025,210,18,89,'13'),(1026,210,18,54,'08'),(1027,210,68,86,'09'),(1028,211,252,48,'F1'),(1029,211,49,52,'K1'),(1030,211,260,38,'J3'),(1031,212,64,48,'07'),(1032,213,83,64,'01'),(1033,213,83,32,'ME'),(1034,213,386,65,'02'),(1035,214,587,87,'02'),(1036,215,416,45,'01'),(1037,215,417,34,'ME'),(1038,216,531,67,'02'),(1039,217,596,50,'06'),(1040,218,701,65,'01'),(1041,218,701,60,'M1'),(1042,218,554,20,'ME'),(1043,218,554,56,'01'),(1044,219,272,45,'02'),(1045,219,271,87,'02'),(1046,220,561,87,'02'),(1047,221,701,84,'03'),(1048,221,246,57,'03'),(1049,222,435,35,'ME'),(1050,222,433,87,'03'),(1051,222,305,56,'19'),(1052,222,696,76,'20'),(1053,222,299,87,'9A'),(1054,222,297,45,'13'),(1055,223,701,34,'04'),(1056,224,143,76,'02'),(1057,225,617,45,'01'),(1058,225,617,10,'ME'),(1059,225,15,36,'01'),(1060,225,15,56,'ME'),(1061,226,160,87,'01'),(1062,227,100,NULL,NULL),(1063,228,673,76,'02'),(1064,228,404,45,'02'),(1065,229,527,68,'01'),(1066,229,283,34,'04'),(1067,230,NULL,NULL,NULL),(1068,231,470,56,'02'),(1069,231,470,39,'ME'),(1070,231,400,74,'01'),(1071,231,458,52,'01'),(1072,232,466,87,'01'),(1073,232,466,8,'ME'),(1074,233,NULL,NULL,NULL),(1075,234,537,60,'01'),(1076,235,388,98,'10'),(1077,235,209,70,'02'),(1078,235,381,86,'07'),(1079,235,88,90,'03'),(1080,236,NULL,NULL,NULL),(1081,237,63,45,'08'),(1082,237,63,30,'09'),(1083,238,411,54,'02'),(1084,238,413,35,'03'),(1085,238,95,60,'3A'),(1086,239,64,60,'01'),(1087,240,NULL,NULL,NULL),(1088,241,293,43,'02'),(1089,241,381,37,'11'),(1090,242,604,45,'01'),(1091,243,434,102,'04'),(1092,243,165,80,'03'),(1093,243,499,96,'03'),(1094,244,NULL,NULL,NULL),(1095,245,666,40,'01'),(1096,245,667,15,'ME'),(1097,245,667,46,'01'),(1098,245,453,115,'01'),(1099,245,453,38,'ME'),(1100,245,473,53,'04'),(1101,245,457,43,'07'),(1102,245,477,40,'04'),(1103,246,41,50,'03'),(1104,247,49,87,'K'),(1105,247,259,90,'A'),(1106,247,256,75,'L'),(1107,247,9,67,'E'),(1108,247,9,98,'ME'),(1109,248,74,56,'02'),(1110,248,573,53,'02'),(1111,249,442,89,'03'),(1112,249,405,45,'02'),(1113,249,671,39,'01'),(1114,250,NULL,NULL,NULL),(1115,251,175,68,'01'),(1116,251,175,70,'ME'),(1117,251,176,89,'01'),(1118,252,158,100,'06'),(1119,252,159,89,'06'),(1120,252,158,65,'01'),(1121,252,159,70,'01'),(1122,252,450,67,'01'),(1123,252,450,15,'ME'),(1124,252,451,56,'01'),(1125,252,451,25,'ME'),(1126,252,451,67,'1A'),(1127,253,537,65,'01'),(1128,253,537,10,'ME'),(1129,253,182,48,'01'),(1130,253,182,16,'ME'),(1131,254,577,45,'03'),(1132,255,601,39,'01'),(1133,255,601,10,'ME'),(1134,256,520,69,'03'),(1135,256,521,60,'03'),(1136,257,NULL,NULL,NULL),(1137,258,254,89,'Q4'),(1138,258,254,67,'Q3'),(1139,258,255,85,'G5'),(1140,258,254,59,'P4'),(1141,258,259,98,'C1'),(1142,258,260,65,'K2'),(1143,258,233,47,'E1'),(1144,258,233,82,'D1'),(1145,258,233,67,'C7'),(1146,259,NULL,NULL,NULL),(1147,260,677,55,'02'),(1148,260,464,24,'ME'),(1149,260,594,60,'02'),(1150,260,594,13,'ME'),(1151,261,422,78,'09'),(1152,261,423,65,'7A'),(1153,261,577,78,'02'),(1154,261,578,98,'02'),(1155,262,15,48,'02'),(1156,263,NULL,NULL,NULL),(1157,264,388,96,'05'),(1158,265,101,67,'01'),(1159,265,100,89,'01'),(1160,265,100,45,'02'),(1161,265,102,90,'02'),(1162,266,236,30,'04'),(1163,266,188,35,'03'),(1164,267,631,57,'01'),(1165,267,633,54,'03'),(1166,267,634,63,'03'),(1167,267,495,80,'03'),(1168,268,517,90,'3A'),(1169,268,234,87,'2A'),(1170,268,164,85,'06'),(1171,269,63,30,'10'),(1172,269,64,35,'10'),(1173,269,65,31,'10'),(1174,270,516,65,'01'),(1175,271,384,68,'01'),(1176,271,16,56,'01'),(1177,271,151,67,'03'),(1178,271,152,59,'01'),(1179,272,566,45,'01'),(1180,272,566,65,'03'),(1181,272,566,74,'ME'),(1182,272,426,80,'01'),(1183,273,228,78,'C4'),(1184,273,230,98,'C4'),(1185,273,258,90,'K1'),(1186,273,258,76,'K3'),(1187,273,260,80,'D1'),(1188,273,260,87,'K1'),(1189,273,56,56,'06'),(1190,273,57,78,'03'),(1191,274,609,56,'01'),(1192,274,609,10,'ME'),(1193,274,610,65,'01'),(1194,274,610,12,'ME'),(1195,274,611,40,'01'),(1196,274,612,45,'01'),(1197,275,613,87,'01'),(1198,276,155,110,'05'),(1199,276,155,97,'01'),(1200,276,157,65,'05'),(1201,276,157,90,'01'),(1202,276,614,65,'02'),(1203,276,614,30,'ME'),(1204,276,180,70,'02'),(1205,277,616,56,'01'),(1206,277,616,9,'ME'),(1207,277,617,50,'01'),(1208,278,47,98,'R'),(1209,278,254,78,'M'),(1210,278,49,90,'H'),(1211,278,257,76,'A1'),(1212,278,260,69,'J2'),(1213,278,256,98,'L3'),(1214,278,266,76,'G'),(1215,278,618,88,'04'),(1216,279,620,76,'01'),(1217,280,519,54,'02'),(1218,280,622,56,'01'),(1219,280,621,9,'ME'),(1220,281,488,65,'02'),(1221,281,488,10,'ME'),(1222,281,487,13,'ME'),(1223,281,623,50,'01'),(1224,281,623,20,'ME'),(1225,281,624,67,'01'),(1226,281,624,20,'ME'),(1227,281,625,54,'02'),(1228,281,625,11,'ME'),(1229,282,463,78,'03'),(1230,282,463,67,'02'),(1231,282,464,65,'03'),(1232,282,626,45,'02'),(1233,282,595,36,'05'),(1234,283,49,54,'H3'),(1235,283,228,67,'A2'),(1236,283,254,87,'N3'),(1237,283,254,98,'N2'),(1238,283,255,76,'E2'),(1239,283,231,98,'E2'),(1240,283,267,99,'A1'),(1241,283,576,87,'I2'),(1242,284,500,67,'15'),(1243,284,300,78,'10'),(1244,285,72,56,'02'),(1245,285,72,47,'ME'),(1246,285,633,63,'02'),(1247,285,634,49,'01'),(1248,285,634,76,'ME'),(1249,286,635,56,'01'),(1250,286,635,13,'ME'),(1251,286,636,54,'01'),(1252,286,636,12,'ME'),(1253,286,639,76,'01'),(1254,286,68,56,'05'),(1255,286,68,87,'01'),(1256,287,638,59,'02'),(1257,288,88,70,'02'),(1258,289,642,56,'05'),(1259,289,640,76,'M1'),(1260,289,640,34,'01'),(1261,289,159,88,'03'),(1262,290,230,76,'D'),(1263,290,255,45,'E'),(1264,290,258,56,'I'),(1265,290,264,76,'H'),(1266,290,530,45,'B'),(1267,291,204,56,'02'),(1268,291,164,67,'7A'),(1269,291,88,59,'02'),(1270,291,89,49,'01'),(1271,291,217,76,'02'),(1272,292,643,95,'02'),(1273,292,643,30,'ME'),(1274,293,640,65,'02'),(1275,293,641,45,'ME'),(1276,293,642,53,'04'),(1277,293,644,38,'02'),(1278,293,644,52,'ME'),(1279,294,389,65,'3A'),(1280,294,397,76,'02'),(1281,294,647,45,'01'),(1282,294,647,56,'ME'),(1283,294,648,48,'02'),(1284,294,648,39,'ME'),(1285,295,649,97,'01'),(1286,296,229,78,'D3'),(1287,296,49,89,'I5'),(1288,296,259,67,'C4'),(1289,296,231,90,'M4'),(1290,296,260,98,'K5'),(1291,296,260,76,'K4'),(1292,296,56,100,'01'),(1293,296,56,87,'05'),(1294,297,228,78,'A1'),(1295,297,253,65,'O2'),(1296,297,255,45,'G1'),(1297,297,228,67,'C1'),(1298,297,252,54,'O2'),(1299,297,253,78,'P1'),(1300,297,229,65,'B2'),(1301,298,253,78,'O3'),(1302,298,230,89,'A3'),(1303,298,253,76,'O4'),(1304,298,228,67,'A3'),(1305,298,262,56,'A2'),(1306,298,259,87,'J1'),(1307,298,231,56,'F4'),(1308,298,252,45,'A2'),(1309,298,253,87,'E8'),(1310,298,653,78,'01'),(1311,299,95,67,'03'),(1312,299,656,54,'01'),(1313,299,657,67,'01'),(1314,299,153,98,'01'),(1315,299,153,20,'ME'),(1316,299,478,76,'01'),(1317,300,564,56,'01'),(1318,300,564,46,'ME'),(1319,300,567,76,'02'),(1320,300,567,45,'01'),(1321,300,567,56,'04'),(1322,301,543,65,'02'),(1323,301,581,45,'01'),(1324,301,660,76,'01'),(1325,301,660,12,'ME'),(1326,301,663,10,'ME'),(1327,301,663,46,'01'),(1328,302,254,98,'N'),(1329,302,255,67,'G'),(1330,302,253,78,'N'),(1331,302,260,30,'ME'),(1332,302,260,96,'K'),(1333,302,461,98,'E'),(1334,302,463,67,'E'),(1335,302,57,56,'01'),(1336,303,664,45,'01'),(1337,303,665,30,'01'),(1338,303,666,45,'02'),(1339,303,667,35,'02'),(1340,303,453,110,'04'),(1341,303,455,70,'06'),(1342,303,473,67,'05'),(1343,304,668,89,'03'),(1344,304,159,35,'ME'),(1345,304,158,96,'M2'),(1346,304,438,45,'05'),(1347,304,669,87,'01'),(1348,304,669,25,'ME'),(1349,304,670,87,'01'),(1350,304,670,9,'ME'),(1351,304,135,45,'01'),(1352,305,410,76,'02'),(1353,305,671,45,'03'),(1354,306,72,54,'05'),(1355,306,72,56,'04'),(1356,306,672,43,'02'),(1357,306,673,65,'01'),(1358,306,133,65,'02'),(1359,307,228,78,'A'),(1360,307,228,98,'C2'),(1361,307,576,68,'I1'),(1362,307,263,90,'B1'),(1363,307,10,87,'C'),(1364,307,674,67,'A'),(1365,307,675,56,'A1'),(1366,307,676,58,'A'),(1367,307,676,65,'A1'),(1368,308,677,65,'01'),(1369,308,71,57,'01'),(1370,308,71,11,'ME'),(1371,308,556,49,'01'),(1372,308,557,45,'01'),(1373,308,442,20,'ME'),(1374,308,679,65,'01'),(1375,309,18,45,'I2'),(1376,309,680,64,'ME'),(1377,309,680,42,'01'),(1378,310,681,45,'02'),(1379,310,682,65,'01'),(1380,310,682,10,'ME'),(1381,311,200,45,'01'),(1382,311,201,35,'02'),(1383,311,683,65,'02'),(1384,311,683,76,'01'),(1385,311,683,23,'ME'),(1386,312,684,45,'01'),(1387,312,67,63,'05'),(1388,312,68,45,'4A'),(1389,312,68,87,'6A'),(1390,312,685,43,'01'),(1391,312,686,30,'ME'),(1392,312,686,86,'01'),(1393,313,687,45,'01'),(1394,313,688,54,'01'),(1395,314,689,43,'01'),(1396,314,437,34,'22'),(1397,314,435,56,'22'),(1398,314,691,34,'01'),(1399,314,693,54,'01'),(1400,315,696,100,'13'),(1401,315,697,98,'4A'),(1402,135,698,70,'4A'),(1403,135,497,78,'5A');
/*!40000 ALTER TABLE `gestiondb_grupo` ENABLE KEYS */;
UNLOCK TABLES;

--
-- Table structure for table `gestiondb_materia`
--

DROP TABLE IF EXISTS `gestiondb_materia`;
/*!40101 SET @saved_cs_client     = @@character_set_client */;
/*!50503 SET character_set_client = utf8mb4 */;
CREATE TABLE `gestiondb_materia` (
  `id` bigint NOT NULL AUTO_INCREMENT,
  `Nombre` varchar(60) NOT NULL,
  `Carrera` varchar(60) NOT NULL,
  PRIMARY KEY (`id`)
) ENGINE=InnoDB AUTO_INCREMENT=702 DEFAULT CHARSET=utf8mb4 COLLATE=utf8mb4_0900_ai_ci;
/*!40101 SET character_set_client = @saved_cs_client */;

--
-- Dumping data for table `gestiondb_materia`
--

LOCK TABLES `gestiondb_materia` WRITE;
/*!40000 ALTER TABLE `gestiondb_materia` DISABLE KEYS */;
INSERT INTO `gestiondb_materia` VALUES (1,'ARQUITECTURA DE COMPUTADORAS I','134111'),(2,'ARQUITECTURA DE COMPUTADORAS I','411702'),(3,'ELECTROTECNIA INDUSTRIAL','411702'),(4,'ELECTROTECNIA INDUSTRIAL','309801'),(5,'ELECTROTECNIA INDUSTRIAL','339701'),(6,'ELECTROTECNIA INDUSTRIAL','319801'),(7,'ARQUITECTURA DE COMPUTADORAS II','134111'),(8,'DISEÑO DE SISTEMAS DIGITALES I','429701'),(9,'FISICA BASICA III','309801'),(10,'FISICA BASICA III','299701'),(11,'FISICA BASICA III','429701'),(12,'EQUILIBRIOS EN DISOLUCION','389701'),(13,'EQUILIBRIOS EN DISOLUCION','409701'),(14,'EQUILIBRIOS EN DISOLUCION','339701'),(15,'LABORATORIO DE OPERACIONES UNITARIAS II','339701'),(16,'CIENCIA DE LOS MATERIALES','319801'),(17,'TEORIA Y ENSAYO DE MATERIALES','319801'),(18,'PROYECTO TERMINAL I','299701'),(19,'DISEÑO DE PLANTAS AGRO-ALIMENTARIAS','409701'),(20,'DISEÑO EXPERIMENTAL','389701'),(21,'DISEÑO EXPERIMENTAL','409701'),(22,'INDUSTRIA DE BEBIDAS','409701'),(23,'INDUSTRIA DE LOS CEREALES','409701'),(24,'INSTRUMENTACION PROCESOS','409701'),(25,'INSTRUMENTACION PROCESOS','339701'),(26,'DISEÑO EXPERIMENTAL','339701'),(27,'INTRODUCCION A LOS PROCESOS QUIMICOS','339701'),(28,'INTRODUCCION A LOS PROCESOS QUIMICOS','409701'),(29,'INTRODUCCION A LOS PROCESOS QUIMICOS','389701'),(30,'LABORATORIO DE INVESTIGACION','339701'),(31,'LABORATORIO DE INVESTIGACION','409701'),(32,'LABORATORIO DE INVESTIGACION','389701'),(33,'MODULO EXPERIMENTAL','339701'),(34,'MODULO I','389701'),(35,'MODULO II','389701'),(36,'PRACTICAS DE INDUSTRIA','389701'),(37,'PRACTICAS INDUSTRIALES','339701'),(38,'PRACTICAS INDUSTRIALES','409701'),(39,'PROYECTO DE GRADO','339701'),(40,'PROYECTO DE GRADO','409701'),(41,'TESIS DE GRADO','389701'),(42,'FENOMENOS DE TRANSPORTE A','339701'),(43,'FISICOQUIMICA II','389701'),(44,'FISICOQUIMICA III','389701'),(45,'OPERACIONES INDUSTRIALES II ','309801'),(46,'QUIMICA GENERAL','399501'),(47,'FISICA BASICA I','359201'),(48,'FISICA BASICA I','760101'),(49,'FISICA BASICA I','309801'),(50,'LABORATORIO DE QUIMICA ANALITICA CUANTITATIVA','339701'),(51,'LABORATORIO DE QUIMICA ANALITICA CUANTITATIVA','389701'),(52,'LABORATORIO DE QUIMICA ANALITICA CUANTITATIVA','409701'),(53,'QUIMICA ANALITICA III','389701'),(54,'INVESTIGACION DE MERCADOS','309801'),(55,'ESTRUCTURAS HIPERESTATICAS','320902'),(56,'FISICA I','320902'),(57,'FISICA II ','320902'),(58,'MECANICA ESTADISTICA','359201'),(59,'PRACTICA EMPRESARIAL','411702'),(60,'SEGURIDAD DE SISTEMAS','411702'),(61,'SEGURIDAD DE SISTEMAS','134111'),(62,'INFORMATICA FORENSE','411702'),(63,'LABORATORIO DE QUIMICA GENERAL','389701'),(64,'LABORATORIO DE QUIMICA GENERAL','339701'),(65,'LABORATORIO DE QUIMICA GENERAL','409701'),(66,'SEPARACIONES QUIMICAS','389701'),(67,'PROYECTO TERMINAL I','429701'),(68,'PROYECTO TERMINAL II','429701'),(69,'TOPICOS ELECTRICOS I (TELEFONIA BASICA)','299701'),(70,'TOPICOS ELECTRONICOS (TELEFONIA BASICA)','429701'),(71,'ANALISIS NUMERICO','320902'),(72,'DIBUJO TECNICO','320902'),(73,'ESTRUCTURAS HIPERESTATICAS','320902'),(74,'HORMIGON ARMADO I','320902'),(75,'MORFOLOGIA Y ANATOMIA VEGETAL','399501'),(76,'TAXONOMIA ESPECIAL (ELECTIVA)','399501'),(77,'BASE DE DATOS II','411702'),(78,'BASE DE DATOS II','134111'),(79,'PROGRAMACION FUNCIONAL','134111'),(80,'DIDACTICA GENERAL','760101'),(81,'MECATRONICA','650001'),(82,'ROBOTICA INDUSTRIAL','650001'),(83,'CONTABILIDAD BASICA','309801'),(84,'CONTABILIDAD BASICA','411702'),(85,'ECONOMIA POLITICA','320902'),(86,'INGENIERIA ECONOMICA','309801'),(87,'INGENIERIA ECONOMICA','411702'),(88,'CIRCUITOS ELECTRICOS III ','299701'),(89,'CIRCUITOS ELECTRICOS III ','429701'),(90,'CIRCUITOS ELECTRICOS III ','650001'),(91,'FISICOQUIMICA','389701'),(92,'FISICOQUIMICA','409701'),(93,'FISICOQUIMICA','339701'),(94,'QUIMICA GENERAL','309801'),(95,'QUIMICA GENERAL','319801'),(96,'QUIMICA GENERAL','650001'),(97,'QUIMICA GENERAL','320902'),(98,'QUIMICA GENERAL','359201'),(99,'ELECTRONICA ANALOGICA I ','429701'),(100,'ELECTRONICA ANALOGICA I ','650001'),(101,'ELECTRONICA ANALOGICA I ','299701'),(102,'ELECTROTECNIA','320902'),(103,'ELECTROTECNIA INDUSTRIAL','429701'),(104,'ROBOTICA','429701'),(105,'SISTEMAS DE CONTROL DINAMICO','429701'),(106,'SISTEMAS DE CONTROL DINAMICO','650001'),(107,'MEDIDAS ELECTRONICAS','429701'),(108,'TRANSFORMADORES','299701'),(109,'INGENIERIA DE SEGURIDAD','339701'),(110,'INGENIERIA DE SEGURIDAD','309801'),(111,'TALLER DE TESIS I','309801'),(112,'TALLER DE TESIS II','309801'),(113,'TRABAJO DIRIGIDO (OPCIONAL)','309801'),(114,'LABORATORIO DE INGENIERIA SANITARIA','320902'),(115,'SISTEMATICA DE FANEROGAMAS','399501'),(116,'QUIMICA INORGANICA','339701'),(117,'QUIMICA INORGANICA','389701'),(118,'QUIMICA INORGANICA','409701'),(119,'QUIMICA INORGANICA II','389701'),(120,'QUIMICA INORGANICA III','389701'),(121,'RECURSOS NATURALES','389701'),(122,'RECURSOS NATURALES','409701'),(123,'RECURSOS NATURALES','339701'),(124,'RECURSOS NATURALES','359201'),(125,'GESTION AMBIENTAL','399501'),(126,'CULTIVO DE TEJIDOS VEGETALES (ELECTIVA)','399501'),(127,'GENETICA II','399501'),(128,'GENETICA DE POBLACIONES (ELECTIVA)','399501'),(129,'GENETICA I','399501'),(130,'METODOLOGIA DE LA INVESTIGACION','399501'),(131,'AEROPUERTOS','320902'),(132,'CARRETERAS II','320902'),(133,'MAQUINARIA Y EQUIPO DE CONSTRUCCION','320902'),(134,'APLICACION DE SISTEMAS OPERATIVOS','411702'),(135,'TALLER DE SIMULACION DE SISTEMAS','411702'),(136,'TALLER DE SISTEMAS OPERATIVOS','134111'),(137,'TALLER DE SISTEMAS OPERATIVOS','411702'),(138,'TALLER DE SISTEMAS OPERATIVOS','429701'),(139,'ARQUITECTURA DE SOFTWARE (ELECTIVA)','134111'),(140,'DISEÑO DE COMPILADORES','134111'),(141,'DISEÑO DE COMPILADORES','411702'),(142,'TOPICOS ELECTRONICOS (AVIONICA)','429701'),(143,'DINAMICA Y CONTROL DE PROCESOS','339701'),(144,'DISEÑO DE PLANTAS QUIMICAS','339701'),(145,'SISTEMATICA DE AVES (ELECTIVA)','399501'),(146,'INDUSTRIAS DE GRASAS Y ACEITES','409701'),(147,'TALLER DE BASE DE DATOS','134111'),(148,'TALLER DE BASE DE DATOS','411702'),(149,'MAQUINAS TERMICAS','299701'),(150,'MAQUINAS TERMICAS','319801'),(151,'TERMODINAMICA','650001'),(152,'TERMODINAMICA','309801'),(153,'TERMODINAMICA I','319801'),(154,'ALGORITMOS AVANZADOS (E)','134111'),(155,'ELEM. DE PROGRAMACION Y ESTRUC. DE DATOS','411702'),(156,'ELEM. DE PROGRAMACION Y ESTRUC. DE DATOS','429701'),(157,'ELEM. DE PROGRAMACION Y ESTRUC. DE DATOS','134111'),(158,'INTRODUCCION A LA PROGRAMACION','134111'),(159,'INTRODUCCION A LA PROGRAMACION','411702'),(160,'BIOQUIMICA','399501'),(161,'FISIOLOGIA VEGETAL','399501'),(162,'CALCULO II ','299701'),(163,'CALCULO II ','429701'),(164,'CALCULO II ','411702'),(165,'CALCULO III','320902'),(166,'CIRCUITOS ELECTRICOS II','299701'),(167,'CIRCUITOS ELECTRICOS II','429701'),(168,'SISTEMAS HIDRAULICOS Y NEUMATICOS','650001'),(169,'SISTEMAS HIDRAULICOS Y NEUMATICOS','319801'),(170,'MULTIMEDIA','429701'),(171,'ESTRUCTURAS DE MADERA Y METALICAS','320902'),(172,'TALLER DE MODALIDADES DE GRADUACION I','320902'),(173,'ANATOMIA COMPARADA','399501'),(174,'ZOOLOGIA DE VERTEBRADOS','399501'),(175,'BASE DE DATOS I ','411702'),(176,'BASE DE DATOS I ','134111'),(177,'DATA WAREHOUSE (ELECTIVA)','134111'),(178,'DATA WAREHOUSE (ELECTIVA)','411702'),(179,'INGENIERIA DE SOFTWARE','134111'),(180,'INGENIERIA DE SOFTWARE','411702'),(181,'ORGANIZACION Y METODOS','134111'),(182,'MECANICA DE SUELOS II ','320902'),(183,'METODOS CONSTRUCTIVOS EN GEOTECNIA','320902'),(184,'ANALISIS VECTORIAL Y TENSORIAL','760101'),(185,'ANALISIS VECTORIAL Y TENSORIAL','320902'),(186,'ANALISIS VECTORIAL Y TENSORIAL','359201'),(187,'ELEMENTOS FINITOS','320902'),(188,'GEOMETRIA DESCRIPTIVA ','320902'),(189,'MECANICA DEL MEDIO CONTINUO','320902'),(190,'INGENIERIA DE SISTEMAS I','309801'),(191,'INGENIERIA DE SISTEMAS II','309801'),(192,'INGENIERIA AUTOMOTRIZ','319801'),(193,'MAQUINAS HIDRAULICAS','319801'),(194,'MAQUINAS HIDRAULICAS','650001'),(195,'PREPARACION Y EVALUACION DE PROYECTOS ','650001'),(196,'PREPARACION Y EVALUACION DE PROYECTOS ','429701'),(197,'PREPARACION Y EVALUACION DE PROYECTOS ','299701'),(198,'PROYECTO DE GRADO','319801'),(199,'PROYECTO DE GRADO','650001'),(200,'DISEÑO DE REACTORES I','339701'),(201,'DISEÑO DE REACTORES II','339701'),(202,'ALGEBRA I','349701'),(203,'ALGEBRA I','359201'),(204,'ALGEBRA I','320902'),(205,'ALGEBRA I','439801'),(206,'ALGEBRA I','299701'),(207,'ALGEBRA I','114071'),(208,'ALGEBRA I','760101'),(209,'ALGEBRA I','429701'),(210,'ALGEBRA I','134111'),(211,'CALCULO NUMERICO','319801'),(212,'CALCULO NUMERICO','650001'),(213,'FRACTALES','349701'),(214,'FRACTALES','439801'),(215,'MATEMATICA DISCRETA','411702'),(216,'TRANSFORMADAS INTEGRALES','299701'),(217,'TRANSFORMADAS INTEGRALES','429701'),(218,'TRANSFORMADAS INTEGRALES','319801'),(219,'TRANSFORMADAS INTEGRALES','359201'),(220,'TRANSFORMADAS INTEGRALES','650001'),(221,'BIOFISICA','399501'),(222,'BIOLOGIA CELULAR','409701'),(223,'HIDRAULICA APLICADA','299701'),(224,'MAQUINAS ASINCRONAS','650001'),(225,'MAQUINAS ASINCRONAS','299701'),(226,'MAQUINAS DC','650001'),(227,'MAQUINAS DC','299701'),(228,'FISICA BASICA I','339701'),(229,'FISICA BASICA I','389701'),(230,'FISICA BASICA I','409701'),(231,'FISICA BASICA II','309801'),(232,'FISICA GENERAL','399501'),(233,'FISICA GENERAL','411702'),(234,'CALCULO I ','320902'),(235,'CALCULO II','134111'),(236,'ECUACIONES DIFERENCIALES','411702'),(237,'INGLES','399501'),(238,'INGLES I','134111'),(239,'INGLES I','411702'),(240,'INGLES I','349701'),(241,'INGLES I','359201'),(242,'INGLES I','439801'),(243,'INGLES TECNICO','319801'),(244,'GESTION DE CALIDAD','309801'),(245,'PLANIF. Y CONTROL DE LA PRODUCCION II','309801'),(246,'PLANIF. Y CONTROL DE LA PRODUCCION II','411702'),(247,'FISICA II','114071'),(248,'FISICA II','349701'),(249,'FISICA II','439801'),(250,'TALLER DE GRADO','359201'),(251,'TRABAJO DE GRADO','760101'),(252,'FISICA BASICA I','429701'),(253,'FISICA BASICA I','319801'),(254,'FISICA BASICA I','650001'),(255,'FISICA BASICA I','299701'),(256,'FISICA BASICA II','760101'),(257,'FISICA BASICA II','389701'),(258,'FISICA BASICA II','319801'),(259,'FISICA BASICA II','409701'),(260,'FISICA BASICA II','650001'),(261,'FISICA BASICA II','359201'),(262,'FISICA BASICA II','339701'),(263,'FISICA BASICA III ','389701'),(264,'FISICA BASICA III ','319801'),(265,'FISICA BASICA III ','409701'),(266,'FISICA BASICA III ','650001'),(267,'FISICA BASICA III ','339701'),(268,'INGLES II','359201'),(269,'INGLES II','439801'),(270,'INGLES II','349701'),(271,'MECANICA DE FLUIDOS','650001'),(272,'MECANICA DE FLUIDOS','319801'),(273,'GESTION DE CALIDAD','650001'),(274,'GESTION DE CALIDAD','319801'),(275,'INGENIERIA DE METODOS Y REINGENIERIA','309801'),(276,'INGENIERIA DE METODOS Y REINGENIERIA','411702'),(277,'CONTROL Y AUTOMATIZACION INDUSTRIAL','299701'),(278,'CONTROL Y AUTOMATIZACION INDUSTRIAL','309801'),(279,'INSTALACIONES ELECTRICAS INDUSTRIALES I','299701'),(280,'INSTALACIONES ELECTRICAS INDUSTRIALES I','650001'),(281,'INSTALACIONES ELECTRICAS INDUSTRIALES II','299701'),(282,'INSTALACIONES ELECTROMECANICAS','319801'),(283,'PROYECTO TERMINAL II','299701'),(284,'TALLER DE CONTROL Y AUTOMATISMO','650001'),(285,'TALLER DE CONTROL Y AUTOMATISMO','429701'),(286,'PROGRAMACION WEB','134111'),(287,'GESTION Y CALIDAD AMBIENTAL','309801'),(288,'GESTION Y CALIDAD AMBIENTAL','650001'),(289,'TECNOLOGIA MECANICA I ','650001'),(290,'TECNOLOGIA MECANICA I ','319801'),(291,'ANALISIS II','439801'),(292,'ANALISIS II','349701'),(293,'ANALISIS VECTORIAL Y TENSORIAL','319801'),(294,'CALCULO II','320902'),(295,'CALCULO II','389701'),(296,'CALCULO II','760101'),(297,'CALCULO II','309801'),(298,'CALCULO II','339701'),(299,'CALCULO II','409701'),(300,'CALCULO II','650001'),(301,'CALCULO II','114071'),(302,'CALCULO II','359201'),(303,'CALCULO II','439801'),(304,'CALCULO II','319801'),(305,'CALCULO II','349701'),(306,'TEORIA DE LA MEDIDA','349701'),(307,'TEORIA DE LA MEDIDA','439801'),(308,'APLICACION DE SISTEMAS OPERATIVOS','134111'),(309,'FISICA BASICA I','114071'),(376,'LABORATORIO DE QUIMICA ORGANICA II','339701'),(377,'LABORATORIO DE QUIMICA ORGANICA II','389701'),(378,'LABORATORIO DE QUIMICA ORGANICA II','409701'),(379,'ZOOLOGIA DE INVERTEBRADOS','399501'),(380,'CALCULO I','309801'),(381,'CALCULO I','411702'),(382,'PROBABILIDAD Y ESTADISTICA','134111'),(383,'PROBABILIDAD Y ESTADISTICA','320902'),(384,'CIENCIA DE LOS MATERIALES','650001'),(385,'CIENCIA DE LOS MATERIALES II','319801'),(386,'PLANIF. Y CONTROL DE LA PRODUCCION I ','309801'),(387,'PLANIF. Y CONTROL DE LA PRODUCCION II','309801'),(388,'ALGEBRA I','411702'),(389,'ALGEBRA I','309801'),(390,'ALGEBRA I','319801'),(391,'ALGEBRA I','650001'),(392,'ALGEBRA I','320902'),(393,'ANALISIS INSTRUMENTAL','409701'),(394,'ESTRUCTURAS ISOSTATICAS','320902'),(395,'FUNDACIONES I','320902'),(396,'FUNDACIONES II','320902'),(397,'PROCESOS INDUSTRIALES I','309801'),(398,'CONSTRUCCION DE EDIFICIOS','320902'),(399,'HORMIGON PREESFORZADO','320902'),(400,'TALLER DE INGENIERIA DE SOFTWARE','411702'),(401,'QUIMICA ANALITICA','389701'),(402,'QUIMICA ANALITICA','339701'),(403,'QUIMICA ANALITICA','409701'),(404,'INGENIERIA SANITARIA II','320902'),(405,'OBRAS HIDRAULICAS I','320902'),(406,'PLANTA DE TRATAMIENTO DE AGUAS RESIDUALES ','320902'),(407,'TALLER DE MODALIDADES DE GRADUACION I','320902'),(408,'TALLER DE MODALIDADES DE GRADUACION II ','320902'),(409,'HIDRAULICA I','320902'),(410,'HIDRAULICA II','320902'),(411,'LABORATORIO DE FISICOQUIMICA','339701'),(412,'LABORATORIO DE FISICOQUIMICA','389701'),(413,'LABORATORIO DE FISICOQUIMICA','409701'),(414,'NUTRICION','409701'),(415,'SISTEMAS DE CALIDAD EN ALIMENTOS','409701'),(416,'CIRCUITOS ELECTRICOS I','299701'),(417,'CIRCUITOS ELECTRICOS I','429701'),(418,'CIRCUITOS ELECTRICOS I','650001'),(419,'BIOCLIMATOLOGIA-HIDROLOGIA','399501'),(420,'BIOGEOGRAFIA','399501'),(421,'FISICA TEORICA II','359201'),(422,'ALGEBRA II','650001'),(423,'ALGEBRA II','319801'),(424,'DIRECCION DE OBRAS Y VALUACIONES','320902'),(425,'INGENIERIA ECONOMICA','320902'),(426,'TRANSPORTES Y COMUNICACIONES','320902'),(427,'BIOLOGIA GENERAL','399501'),(428,'BIOLOGIA GENERAL','760101'),(429,'BIOLOGIA GENERAL','114071'),(430,'DENDROLOGIA (ELECTIVA)','399501'),(431,'SISTEMATICA DE CRIPTOGAMAS','399501'),(432,'INDUSTRIAS CARNICAS','409701'),(433,'CALCULO I','299701'),(434,'CALCULO I','429701'),(435,'CALCULO I','339701'),(436,'CALCULO I','389701'),(437,'CALCULO I','409701'),(438,'METODOL. Y PLANIF. DE PROYECTO DE GRADO','411702'),(439,'PROGRAMACION MOVIL (ELECTIVA)','134111'),(440,'PROGRAMACION MOVIL (ELECTIVA)','411702'),(441,'SISTEMAS I ','411702'),(442,'COMPUTACION PARA INGENIERIA','320902'),(443,'ESTRUCTURAS ESPECIALES','320902'),(444,'PUENTES','320902'),(445,'FISICA MODERNA','429701'),(446,'FISICA TEORICA I','760101'),(447,'FISICA TEORICA I','359201'),(448,'RESISTENCIA DE MATERIALES II','319801'),(449,'MICROBIOLOGIA DE LOS ALIMENTOS','409701'),(450,'SISTEMAS DE INFORMACION II','134111'),(451,'SISTEMAS DE INFORMACION II','411702'),(452,'INTERACCION HUMANO COMPUTADOR','134111'),(453,'METODOLOGIA INVESTIGACION Y TEC COMUNICACION','411702'),(454,'METODOS Y TECNICAS DE PROGRAMACION','134111'),(455,'METODOS, TECNICAS Y TALLER DE PROGRAMACION','411702'),(456,'METODOS, TECNICAS Y TALLER DE PROGRAMACION','429701'),(457,'TALLER DE GRADO I','134111'),(458,'TALLER DE INGENIERIA DE SOFTWARE','134111'),(459,'INDUSTRIAS LACTEAS','409701'),(460,'INDUSTRIAS LACTEAS','309801'),(461,'FISICA BASICA II','299701'),(462,'FISICA BASICA II','429701'),(463,'ESTADISTICA','319801'),(464,'ESTADISTICA','650001'),(465,'PRACTICA EMPRESARIAL','309801'),(466,'PREP. Y EVAL. DE PROYECTOS II ','309801'),(467,'SISTEMAS II','411702'),(468,'ARTROPODOLOGIA','399501'),(469,'BIOLOGIA CELULAR Y MOLECULAR','399501'),(470,'INTELIGENCIA ARTIFICIAL','411702'),(471,'INTELIGENCIA ARTIFICIAL I','134111'),(472,'INTELIGENCIA ARTIFICIAL II','134111'),(473,'PROYECTO FINAL','411702'),(474,'PROYECTO FINAL','419701'),(475,'ROBOTICA','411702'),(476,'ROBOTICA','134111'),(477,'TALLER DE GRADO II','134111'),(478,'TERMODINAMICA II','319801'),(479,'DINAMICA','319801'),(480,'DINAMICA','650001'),(481,'MAQUINAS DE ELEVACION Y TRANSPORTE','650001'),(482,'PRACTICA EN LA INDUSTRIA','319801'),(483,'LABORATORIO DE ANALISIS DE ALIMENTOS','409701'),(484,'GEOLOGIA-EDAFOLOGIA','399501'),(485,'LIMNOLOGIA (ELECTIVA)','399501'),(486,'MANTENIMIENTO INDUSTRIAL','309801'),(487,'MANTENIMIENTO INDUSTRIAL','319801'),(488,'MANTENIMIENTO INDUSTRIAL','650001'),(489,'ELEMENTOS DE MAQUINAS I','319801'),(490,'ELEMENTOS DE MAQUINAS I','650001'),(491,'ELEMENTOS DE MAQUINAS II','319801'),(492,'RESISTENCIA DE MATERIALES','650001'),(493,'RESISTENCIA DE MATERIALES','309801'),(494,'RESISTENCIA DE MATERIALES','319801'),(495,'RESISTENCIA DE MATERIALES I','320902'),(496,'ECUACIONES DIFERENCIALES','299701'),(497,'ECUACIONES DIFERENCIALES','319801'),(498,'ECUACIONES DIFERENCIALES','429701'),(499,'ECUACIONES DIFERENCIALES','650001'),(500,'CALCULO I','134111'),(501,'FISICOQUIMICA','309801'),(502,'INDUSTRIA DE BEBIDAS ','409701'),(503,'INTRODUCCION A LA INGENIERIA BIOQUIMICA','339701'),(504,'INTRODUCCION A LA INGENIERIA BIOQUIMICA','409701'),(505,'OPERACIONES INDUSTRIALES III','309801'),(506,'QUIMICA INORGANICA','409701'),(507,'QUIMICA INORGANICA','339701'),(508,'QUIMICA INORGANICA','389701'),(509,'ESPACIOS RECUBRIDORES','349701'),(510,'GEOMETRIA IV','349701'),(511,'GEOMETRIA IV','439801'),(512,'TEORIA AXIOMATICA DE CONJUNTOS','439801'),(513,'TEORIA AXIOMATICA DE CONJUNTOS','349701'),(514,'TEORIA AXIOMATICA DE CONJUNTOS','114071'),(515,'TOPOLOGIA ALGEBRAICA','349701'),(516,'INGLES III','411702'),(517,'ALGEBRA II','299701'),(518,'ALGEBRA II','429701'),(519,'ECONOMIA INDUSTRIAL','309801'),(520,'MERCADOTECNIA','411702'),(521,'MERCADOTECNIA','309801'),(522,'INTRODUCCION A LA FISICA NUCLEAR Y DE PARTICULAS','359201'),(523,'METODOS MATEMATICOS DE LA FISICA','359201'),(524,'ELECTROMAGNETISMO','299701'),(525,'ELECTROMAGNETISMO','429701'),(526,'INSTALACIONES ELECTRICAS I','429701'),(527,'INSTALACIONES ELECTRICAS I','299701'),(528,'GESTION ESTRATEGICA DE EMPRESAS','309801'),(529,'GESTION ESTRATEGICA DE EMPRESAS','411702'),(530,'FISICA GENERAL','134111'),(531,'LABORATORIO DE QUIMICA ORGANICA','339701'),(532,'LABORATORIO DE QUIMICA ORGANICA','389701'),(533,'LABORATORIO DE QUIMICA ORGANICA','409701'),(534,'QUIMICA DE ALIMENTOS','409701'),(535,'INDUSTRIA PETROQUIMICA E INNOVACION','309801'),(536,'TEMAS ESPECIALES EN HIDRAULICA','320902'),(537,'MECANICA DE SUELOS I','320902'),(538,'TEMAS ESPECIALES EN INGENIERIA GEOTECNIA','320902'),(539,'EVOLUCION','399501'),(540,'MANTENIMIENTO ELECTRICO','299701'),(541,'LOGICA','134111'),(542,'QUIMICA ORGANICA','389701'),(543,'QUIMICA ORGANICA','339701'),(544,'QUIMICA ORGANICA','409701'),(545,'BACTERIOLOGIA','399501'),(546,'ELECTRONICA DE POTENCIA','299701'),(547,'ELECTRONICA DE POTENCIA','429701'),(548,'MERCADEO Y TARIFACION','299701'),(549,'SISTEMAS DE CONTROL','299701'),(550,'TOPICOS ELECTRICOS II (ELECTRONICA DE POT. II','299701'),(551,'DERECHO EMPRESARIAL','309801'),(552,'PSICOLOGIA INDUSTRIAL','309801'),(553,'INGENIERIA AMBIENTAL','320902'),(554,'PREPARACION Y EVALUACION DE PROYECTOS I','339701'),(555,'CALCULO COMPUTARIZADO','309801'),(556,'CALCULO NUMERICO','411702'),(557,'CALCULO NUMERICO','134111'),(558,'ESTRUCTURAS DISCRETAS','114071'),(559,'ESTRUCTURAS DISCRETAS','349701'),(560,'ESTRUCTURAS DISCRETAS','439801'),(561,'REFRIGERACION Y AIRE ACONDICIONADO','319801'),(562,'REFRIGERACION Y AIRE ACONDICIONADO','650001'),(563,'TECNOLOGIA DEL FRIO','409701'),(564,'CARRETERAS I','320902'),(565,'INGENIERIA DE TRAFICO','320902'),(566,'GEOLOGIA GENERAL','320902'),(567,'METODOS GEODESICOS','320902'),(568,'TECNOLOGIA DE LOS MATERIALES DE CONSTRUCCION','320902'),(569,'COSTOS INDUSTRIALES','409701'),(570,'COSTOS INDUSTRIALES','411702'),(571,'COSTOS INDUSTRIALES','309801'),(572,'LABORATORIO DE REACTORES','339701'),(573,'HORMIGON ARMADO II','320902'),(574,'VIAS FERREAS','320902'),(575,'FISICA BASICA III','760101'),(576,'FISICA BASICA III','359201'),(577,'ALGEBRA LINEAL Y TEORIA MATRICIAL','339701'),(578,'ALGEBRA LINEAL Y TEORIA MATRICIAL','409701'),(579,'PREPARACION DE PROYECTO DE GRADO','319801'),(580,'PREPARACION DE PROYECTO DE GRADO','650001'),(581,'QUIMICA ORGANICA','399501'),(582,'QUIMICA ORGANICA III','389701'),(583,'INMUNOPARASITOLOGIA (ELECTIVA)','399501'),(584,'HIDRAULICA DE RIOS','320902'),(585,'OBRAS HIDRAULICAS II','32090'),(586,'DIBUJO MECANICO','319801'),(587,'DIBUJO TECNICO COMPUTARIZADO','309801'),(588,'RESISTENCIA DE MATERIALES II','320902'),(589,'LINEAS ELECTRICAS II','299701'),(590,'LINEAS ELECTRICAS II','650001'),(591,'MEDIDAS ELECTRICAS','299701'),(592,'TECNICAS DE ALTA TENSION','299701'),(593,'BIOESTADISTICA','399501'),(594,'ESTADISTICA II','411702'),(595,'PROBABILIDAD Y ESTADISTICA','299701'),(596,'PROBABILIDAD Y ESTADISTICA','429701'),(597,'DINAMICA DE SISTEMAS (ELECTIVA)','411702'),(598,'REDES DE COMPUTADORAS','411702'),(599,'REDES DE COMPUTADORAS','134111'),(600,'REDES DE COMPUTADORAS','429701'),(601,'MICROPROCESADORES I','429701'),(602,'TELECOMUNICACIONES III','429701'),(603,'LINEAS ELECTRICAS I ','299701'),(604,'SISTEMAS DE POTENCIA I','299701'),(605,'INGENIERIA ECONOMICA','650001'),(606,'INGENIERIA ECONOMICA','309801'),(607,'INGENIERIA ECONOMICA','320902'),(608,'INGENIERIA ECONOMICA','319801'),(609,'INGENIERIA DE ALIMENTOS III','409701'),(610,'OPERACIONES INDUSTRIALES I','309801'),(611,'QUIMICA BIOLOGICA','409701'),(612,'QUIMICA BIOLOGICA','389701'),(613,'ANALISIS DE SE ALES','429701'),(614,'GESTION DE CALIDAD DE SOFTWARE','411702'),(615,'PROGRAMACION','134111'),(616,'FENOMENOS DE TRANSPORTE GENERAL','409701'),(617,'LABORATORIO DE OPERACIONES UNITARIAS I','339701'),(618,'FISICA I','439801'),(619,'FISICA I','349701'),(620,'QUIMICA ANALITICA IV','389701'),(621,'ECONOMIA Y ADMINISTRACION INDUSTRIAL','339701'),(622,'ECONOMIA Y ADMINISTRACION INDUSTRIAL','409701'),(623,'MAQUINAS TERMICAS II','319801'),(624,'PRACTICA PROFESIONALIZANTE','650001'),(625,'PRACTICA PROFESIONALIZANTE','319801'),(626,'PROBABILIDAD Y ESTADISTICA','359201'),(627,'PROBABILIDAD Y ESTADISTICA','760101'),(628,'ELECTIVA III (FISICA DE MATERIALES)','359201'),(629,'CALCULO I','319801'),(630,'CALCULO I','319801'),(631,'DIBUJO TECNICO','409701'),(632,'DIBUJO TECNICO','339701'),(633,'DIBUJO TECNICO COMPUTARIZADO','319801'),(634,'DIBUJO TECNICO COMPUTARIZADO','650001'),(635,'DISEÑO DE SISTEMAS DIGITALES II','429701'),(636,'ELECTRONICA DIGITAL I','299701'),(637,'ELECTRONICA DIGITAL I','429701'),(638,'ELECTRONICA DIGITAL I','650001'),(639,'ELECTRONICA DIGITAL II','429701'),(640,'COMPUTACION I','309801'),(641,'COMPUTACION I','319801'),(642,'COMPUTACION I','650001'),(643,'PLANIFICACION Y EVALUACION DE PROYECTOS','411702'),(644,'COMPUTACION I','114071'),(645,'COMPUTACION I','349701'),(646,'COMPUTACION I','439801'),(647,'PROCESOS INDUSTRIALES II','309801'),(648,'SISTEMAS ECONOMICOS','411702'),(649,'CENTRALES TERMICAS','299701'),(650,'RECURSOS HUMANOS - PRODUCTIVIDAD','309801'),(651,'RECURSOS HUMANOS - PRODUCTIVIDAD','650001'),(652,'TERMODINAMICA','760101'),(653,'TERMODINAMICA','359201'),(654,'QUIMICA GENERAL','760101'),(655,'QUIMICA GENERAL','114071'),(656,'TECNOLOGIA QUIMICA','339701'),(657,'TERMODINAMICA GENERAL','409701'),(658,'TERMODINAMICA I','339701'),(659,'TERMODINAMICA II','339701'),(660,'QUIMICA ORGANICA II','409701'),(661,'QUIMICA ORGANICA II','339701'),(662,'QUIMICA ORGANICA II','389701'),(663,'SINTESIS ORGANICA','389701'),(664,'APLICACIONES WEB AVANZADAS (E)','411702'),(665,'APLICACIONES WEB AVANZADAS (E)','134111'),(666,'EVALUACION Y AUDITORIA DE SISTEMAS','134111'),(667,'EVALUACION Y AUDITORIA DE SISTEMAS','411702'),(668,'INTRODUCCION A LA PROGRAMACION','299701'),(669,'SIMULACION DE SISTEMAS','134111'),(670,'SIMULACION DE SISTEMAS','411702'),(671,'SISTEMAS DE INGENIERIA','320902'),(672,'GEOG. Y DEF. DE LOS RECURSOS NATURALES','320902'),(673,'INGENIERIA SANITARIA I','320902'),(674,'FISICA BASICA IV','760101'),(675,'FISICA BASICA IV','359201'),(676,'OPTICA Y ESPECTROSCOPIA MOLECULAR','389701'),(677,'ANALISIS NUMERICO','389701'),(678,'ANALISIS NUMERICO','409701'),(679,'GEOMATICA','320902'),(680,'REDES DE DISTRIBUCION','299701'),(681,'CIRCUITOS ELECTRONICOS','411702'),(682,'COMUNICACION DE DATOS','429701'),(683,'FENOMENOS DE TRANSPORTE B','339701'),(684,'LINEAS DE TRANSMISION Y PROPAGACION','429701'),(685,'TELECOMUNICACIONES I','429701'),(686,'TELECOMUNICACIONES II','429701'),(687,'MICOLOGIA I','399501'),(688,'VIROLOGIA','399501'),(689,'ALGEBRA ABSTRACTA II','349701'),(690,'ALGEBRA ABSTRACTA II','439801'),(691,'OPTIMIZACION','349701'),(692,'OPTIMIZACION','439801'),(693,'TRABAJO DE GRADO','349701'),(694,'TRABAJO DE GRADO','439801'),(695,'TRABAJO DE GRADO','114071'),(696,'CALCULO I','650001'),(697,'CALCULO III','409701'),(698,'CALCULO III','339701'),(699,'REDES AVANZADAS DE COMPUTADORAS','411702'),(700,'TALLER DE PROGRAMACION EN BAJO NIVEL','429701'),(701,'INVESTIGACION OPERATIVA I','411702');
/*!40000 ALTER TABLE `gestiondb_materia` ENABLE KEYS */;
UNLOCK TABLES;

--
-- Table structure for table `gestiondb_reserva`
--

DROP TABLE IF EXISTS `gestiondb_reserva`;
/*!40101 SET @saved_cs_client     = @@character_set_client */;
/*!50503 SET character_set_client = utf8mb4 */;
CREATE TABLE `gestiondb_reserva` (
  `id` bigint NOT NULL AUTO_INCREMENT,
  `cant_Periodos` int NOT NULL,
  `Hora_Reserva` time(6) NOT NULL,
  `Fecha_Solicitud_Res` date NOT NULL,
  `motivo` varchar(256) NOT NULL,
  `Cant_Est_Sol` int NOT NULL,
  `Cod_Docente_id` bigint DEFAULT NULL,
  `Cod_Aula_id` bigint DEFAULT NULL,
  `Fecha_Reserva` date DEFAULT NULL,
  `Hora_Solicitud_Res` time(6) DEFAULT NULL,
  PRIMARY KEY (`id`),
  KEY `GestionDB_reserva_Cod_Docente_id_eafeaf18_fk_GestionDB` (`Cod_Docente_id`),
  KEY `GestionDB_reserva_Cod_Aula_id_30285127_fk_GestionDB_aula_id` (`Cod_Aula_id`),
  CONSTRAINT `GestionDB_reserva_Cod_Aula_id_30285127_fk_GestionDB_aula_id` FOREIGN KEY (`Cod_Aula_id`) REFERENCES `gestiondb_aula` (`id`),
  CONSTRAINT `GestionDB_reserva_Cod_Docente_id_eafeaf18_fk_GestionDB` FOREIGN KEY (`Cod_Docente_id`) REFERENCES `gestiondb_docente` (`id`)
) ENGINE=InnoDB AUTO_INCREMENT=6 DEFAULT CHARSET=utf8mb4 COLLATE=utf8mb4_0900_ai_ci;
/*!40101 SET character_set_client = @saved_cs_client */;

--
-- Dumping data for table `gestiondb_reserva`
--

LOCK TABLES `gestiondb_reserva` WRITE;
/*!40000 ALTER TABLE `gestiondb_reserva` DISABLE KEYS */;
INSERT INTO `gestiondb_reserva` VALUES (1,1,'15:45:00.000000','2027-05-22','EXAMEN PRIMER PARCIAL',50,1,1,'2010-05-22','11:25:00.000000'),(2,1,'15:45:00.000000','2022-05-12','EXAMEN PRIMER PARCIAL',50,1,1,'2022-05-15','11:25:00.000000'),(3,2,'15:45:00.000000','2022-05-13','EXAMEN PRIMER PARCIAL',50,1,1,'2022-05-16','11:25:00.000000'),(4,2,'18:45:00.000000','2022-05-13','EXAMEN MEsa',50,1,1,'2022-05-16','11:25:00.000000'),(5,2,'09:45:00.000000','2022-05-13','EXAMEN MEsa',40,1,54,'2022-05-20','11:25:00.000000');
/*!40000 ALTER TABLE `gestiondb_reserva` ENABLE KEYS */;
UNLOCK TABLES;
/*!40103 SET TIME_ZONE=@OLD_TIME_ZONE */;

/*!40101 SET SQL_MODE=@OLD_SQL_MODE */;
/*!40014 SET FOREIGN_KEY_CHECKS=@OLD_FOREIGN_KEY_CHECKS */;
/*!40014 SET UNIQUE_CHECKS=@OLD_UNIQUE_CHECKS */;
/*!40101 SET CHARACTER_SET_CLIENT=@OLD_CHARACTER_SET_CLIENT */;
/*!40101 SET CHARACTER_SET_RESULTS=@OLD_CHARACTER_SET_RESULTS */;
/*!40101 SET COLLATION_CONNECTION=@OLD_COLLATION_CONNECTION */;
/*!40111 SET SQL_NOTES=@OLD_SQL_NOTES */;

-- Dump completed on 2022-05-03 19:48:30
